,datadate,sentiment
0,20020807,0
1,20020808,0
2,20020809,0
3,20020812,0
4,20020813,0
5,20020814,0
6,20020815,0
7,20020816,0
8,20020819,0
9,20020820,0
10,20020821,0
11,20020822,0
12,20020823,0
13,20020826,0
14,20020827,0
15,20020828,0
16,20020829,0
17,20020830,0
18,20020903,0
19,20020904,0
20,20020905,0
21,20020906,0
22,20020909,0
23,20020910,0
24,20020911,0
25,20020912,0
26,20020913,0
27,20020916,0
28,20020917,0
29,20020918,0
30,20020919,0
31,20020920,0
32,20020923,0
33,20020924,0
34,20020925,0
35,20020926,0
36,20020927,0
37,20020930,0
38,20021001,0
39,20021002,0
40,20021003,0
41,20021004,0
42,20021007,0
43,20021008,0
44,20021009,0
45,20021010,0
46,20021011,0
47,20021014,0
48,20021015,0
49,20021016,0
50,20021017,0
51,20021018,0
52,20021021,0
53,20021022,0
54,20021023,0
55,20021024,0
56,20021025,0
57,20021028,0
58,20021029,0
59,20021030,0
60,20021031,0
61,20021101,0
62,20021104,0
63,20021105,0
64,20021106,0
65,20021107,0
66,20021108,0
67,20021111,0
68,20021112,0
69,20021113,0
70,20021114,0
71,20021115,0
72,20021118,0
73,20021119,0
74,20021120,0
75,20021121,0
76,20021122,0
77,20021125,0
78,20021126,0
79,20021127,0
80,20021129,0
81,20021202,0
82,20021203,0
83,20021204,0
84,20021205,0
85,20021206,0
86,20021209,0
87,20021210,0
88,20021211,0
89,20021212,0
90,20021213,0
91,20021216,0
92,20021217,0
93,20021218,0
94,20021219,0
95,20021220,0
96,20021223,0
97,20021224,0
98,20021226,0
99,20021227,0
100,20021230,0
101,20021231,0
102,20030102,0
103,20030103,0
104,20030106,0
105,20030107,0
106,20030108,0
107,20030109,0
108,20030110,0
109,20030113,0
110,20030114,0
111,20030115,0
112,20030116,0
113,20030117,0
114,20030121,0
115,20030122,0
116,20030123,0
117,20030124,0
118,20030127,0
119,20030128,0
120,20030129,0
121,20030130,0
122,20030131,0
123,20030203,0
124,20030204,0
125,20030205,0
126,20030206,0
127,20030207,0
128,20030210,0
129,20030211,0
130,20030212,0
131,20030213,0
132,20030214,0
133,20030218,0
134,20030219,0
135,20030220,0
136,20030221,0
137,20030224,0
138,20030225,0
139,20030226,0
140,20030227,0
141,20030228,0
142,20030303,0
143,20030304,0
144,20030305,0
145,20030306,0
146,20030307,0
147,20030310,0
148,20030311,0
149,20030312,0
150,20030313,0
151,20030314,0
152,20030317,0
153,20030318,0
154,20030319,0
155,20030320,0
156,20030321,0
157,20030324,0
158,20030325,0
159,20030326,0
160,20030327,0
161,20030328,0
162,20030331,0
163,20030401,0
164,20030402,0
165,20030403,0
166,20030404,0
167,20030407,0
168,20030408,0
169,20030409,0
170,20030410,0
171,20030411,0
172,20030414,0
173,20030415,0
174,20030416,0
175,20030417,0
176,20030421,0
177,20030422,0
178,20030423,0
179,20030424,0
180,20030425,0
181,20030428,0
182,20030429,0
183,20030430,0
184,20030501,0
185,20030502,0
186,20030505,0
187,20030506,0
188,20030507,0
189,20030508,0
190,20030509,0
191,20030512,0
192,20030513,0
193,20030514,0
194,20030515,0
195,20030516,0
196,20030519,0
197,20030520,0
198,20030521,0
199,20030522,0
200,20030523,0
201,20030527,0
202,20030528,0
203,20030529,0
204,20030530,0
205,20030602,0
206,20030603,0
207,20030604,0
208,20030605,0
209,20030606,0
210,20030609,0
211,20030610,0
212,20030611,0
213,20030612,0
214,20030613,0
215,20030616,0
216,20030617,0
217,20030618,0
218,20030619,0
219,20030620,0
220,20030623,0
221,20030624,0
222,20030625,0
223,20030626,0
224,20030627,0
225,20030630,0
226,20030701,0
227,20030702,0
228,20030703,0
229,20030707,0
230,20030708,0
231,20030709,0
232,20030710,0
233,20030711,0
234,20030714,0
235,20030715,0
236,20030716,0
237,20030717,0
238,20030718,0
239,20030721,0
240,20030722,0
241,20030723,0
242,20030724,0
243,20030725,0
244,20030728,0
245,20030729,0
246,20030730,0
247,20030731,0
248,20030801,0
249,20030804,0
250,20030805,0
251,20030806,0
252,20030807,0
253,20030808,0
254,20030811,0
255,20030812,0
256,20030813,0
257,20030814,0
258,20030815,0
259,20030818,0
260,20030819,0
261,20030820,0
262,20030821,0
263,20030822,0
264,20030825,0
265,20030826,0
266,20030827,0
267,20030828,0
268,20030829,0
269,20030902,0
270,20030903,0
271,20030904,0
272,20030905,0
273,20030908,0
274,20030909,0
275,20030910,0
276,20030911,0
277,20030912,0
278,20030915,0
279,20030916,0
280,20030917,0
281,20030918,0
282,20030919,0
283,20030922,0
284,20030923,0
285,20030924,0
286,20030925,0
287,20030926,0
288,20030929,0
289,20030930,0
290,20031001,0
291,20031002,0
292,20031003,0
293,20031006,0
294,20031007,0
295,20031008,0
296,20031009,0
297,20031010,0
298,20031013,0
299,20031014,0
300,20031015,0
301,20031016,0
302,20031017,0
303,20031020,0
304,20031021,0
305,20031022,0
306,20031023,0
307,20031024,0
308,20031027,0
309,20031028,0
310,20031029,0
311,20031030,0
312,20031031,0
313,20031103,0
314,20031104,0
315,20031105,0
316,20031106,0
317,20031107,0
318,20031110,0
319,20031111,0
320,20031112,0
321,20031113,0
322,20031114,0
323,20031117,0
324,20031118,0
325,20031119,0
326,20031120,0
327,20031121,0
328,20031124,0
329,20031125,0
330,20031126,0
331,20031128,0
332,20031201,0
333,20031202,0
334,20031203,0
335,20031204,0
336,20031205,0
337,20031208,0
338,20031209,0
339,20031210,0
340,20031211,0
341,20031212,0
342,20031215,0
343,20031216,0
344,20031217,0
345,20031218,0
346,20031219,0
347,20031222,0
348,20031223,0
349,20031224,0
350,20031226,0
351,20031229,0
352,20031230,0
353,20031231,0
354,20040102,0
355,20040105,0
356,20040106,0
357,20040107,0
358,20040108,0
359,20040109,0
360,20040112,0
361,20040113,0
362,20040114,0
363,20040115,0
364,20040116,0
365,20040120,0
366,20040121,0
367,20040122,0
368,20040123,0
369,20040126,0
370,20040127,0
371,20040128,0
372,20040129,0
373,20040130,0
374,20040202,0
375,20040203,0
376,20040204,0
377,20040205,0
378,20040206,0
379,20040209,0
380,20040210,0
381,20040211,0
382,20040212,0
383,20040213,0
384,20040217,0
385,20040218,0
386,20040219,0
387,20040220,0
388,20040223,0
389,20040224,0
390,20040225,0
391,20040226,0
392,20040227,0
393,20040301,0
394,20040302,0
395,20040303,0
396,20040304,0
397,20040305,0
398,20040308,0
399,20040309,0
400,20040310,0
401,20040311,0
402,20040312,0
403,20040315,0
404,20040316,0
405,20040317,0
406,20040318,0
407,20040319,0
408,20040322,0
409,20040323,0
410,20040324,0
411,20040325,0
412,20040326,0
413,20040329,0
414,20040330,0
415,20040331,0
416,20040401,0
417,20040402,0
418,20040405,0
419,20040406,0
420,20040407,0
421,20040408,0
422,20040412,0
423,20040413,0
424,20040414,0
425,20040415,0
426,20040416,0
427,20040419,0
428,20040420,0
429,20040421,0
430,20040422,0
431,20040423,0
432,20040426,0
433,20040427,0
434,20040428,0
435,20040429,0
436,20040430,0
437,20040503,0
438,20040504,0
439,20040505,0
440,20040506,0
441,20040507,0
442,20040510,0
443,20040511,0
444,20040512,0
445,20040513,0
446,20040514,0
447,20040517,0
448,20040518,0
449,20040519,0
450,20040520,0
451,20040521,0
452,20040524,0
453,20040525,0
454,20040526,0
455,20040527,0
456,20040528,0
457,20040601,0
458,20040602,0
459,20040603,0
460,20040604,0
461,20040607,0
462,20040608,0
463,20040609,0
464,20040610,0
465,20040614,0
466,20040615,0
467,20040616,0
468,20040617,0
469,20040618,0
470,20040621,0
471,20040622,0
472,20040623,0
473,20040624,0
474,20040625,0
475,20040628,0
476,20040629,0
477,20040630,0
478,20040701,0
479,20040702,0
480,20040706,0
481,20040707,0
482,20040708,0
483,20040709,0
484,20040712,0
485,20040713,0
486,20040714,0
487,20040715,0
488,20040716,0
489,20040719,0
490,20040720,0
491,20040721,0
492,20040722,0
493,20040723,0
494,20040726,0
495,20040727,0
496,20040728,0
497,20040729,0
498,20040730,0
499,20040802,0
500,20040803,0
501,20040804,0
502,20040805,0
503,20040806,0
504,20040809,0
505,20040810,0
506,20040811,0
507,20040812,0
508,20040813,0
509,20040816,0
510,20040817,0
511,20040818,0
512,20040819,0
513,20040820,0
514,20040823,0
515,20040824,0
516,20040825,0
517,20040826,0
518,20040827,0
519,20040830,0
520,20040831,0
521,20040901,0
522,20040902,0
523,20040903,0
524,20040907,0
525,20040908,0
526,20040909,0
527,20040910,0
528,20040913,0
529,20040914,0
530,20040915,0
531,20040916,0
532,20040917,0
533,20040920,0
534,20040921,0
535,20040922,0
536,20040923,0
537,20040924,0
538,20040927,0
539,20040928,0
540,20040929,0
541,20040930,0
542,20041001,0
543,20041004,0
544,20041005,0
545,20041006,0
546,20041007,0
547,20041008,0
548,20041011,0
549,20041012,0
550,20041013,0
551,20041014,0
552,20041015,0
553,20041018,0
554,20041019,0
555,20041020,0
556,20041021,0
557,20041022,0
558,20041025,0
559,20041026,0
560,20041027,0
561,20041028,0
562,20041029,0
563,20041101,0
564,20041102,0
565,20041103,0
566,20041104,0
567,20041105,0
568,20041108,0
569,20041109,0
570,20041110,0
571,20041111,0
572,20041112,0
573,20041115,0
574,20041116,0
575,20041117,0
576,20041118,0
577,20041119,0
578,20041122,0
579,20041123,0
580,20041124,0
581,20041126,0
582,20041129,0
583,20041130,0
584,20041201,0
585,20041202,0
586,20041203,0
587,20041206,0
588,20041207,0
589,20041208,0
590,20041209,0
591,20041210,0
592,20041213,0
593,20041214,0
594,20041215,0
595,20041216,0
596,20041217,0
597,20041220,0
598,20041221,0
599,20041222,0
600,20041223,0
601,20041227,0
602,20041228,0
603,20041229,0
604,20041230,0
605,20041231,0
606,20050103,0
607,20050104,0
608,20050105,0
609,20050106,0
610,20050107,0
611,20050110,0
612,20050111,0
613,20050112,0
614,20050113,0
615,20050114,0
616,20050118,0
617,20050119,0
618,20050120,0
619,20050121,0
620,20050124,0
621,20050125,0
622,20050126,0
623,20050127,0
624,20050128,0
625,20050131,0
626,20050201,0
627,20050202,0
628,20050203,0
629,20050204,0
630,20050207,0
631,20050208,0
632,20050209,0
633,20050210,0
634,20050211,0
635,20050214,0
636,20050215,0
637,20050216,0
638,20050217,0
639,20050218,0
640,20050222,0
641,20050223,0
642,20050224,0
643,20050225,0
644,20050228,0
645,20050301,0
646,20050302,0
647,20050303,0
648,20050304,0
649,20050307,0
650,20050308,0
651,20050309,0
652,20050310,0
653,20050311,0
654,20050314,0
655,20050315,0
656,20050316,0
657,20050317,0
658,20050318,0
659,20050321,0
660,20050322,0
661,20050323,0
662,20050324,0
663,20050328,0
664,20050329,0
665,20050330,0
666,20050331,0
667,20050401,0
668,20050404,0
669,20050405,0
670,20050406,0
671,20050407,0
672,20050408,0
673,20050411,0
674,20050412,0
675,20050413,0
676,20050414,0
677,20050415,0
678,20050418,0
679,20050419,0
680,20050420,0
681,20050421,0
682,20050422,0
683,20050425,0
684,20050426,0
685,20050427,0
686,20050428,0
687,20050429,0
688,20050502,0
689,20050503,0
690,20050504,0
691,20050505,0
692,20050506,0
693,20050509,0
694,20050510,0
695,20050511,0
696,20050512,0
697,20050513,0
698,20050516,0
699,20050517,0
700,20050518,0
701,20050519,0
702,20050520,0
703,20050523,0
704,20050524,0
705,20050525,0
706,20050526,0
707,20050527,0
708,20050531,0
709,20050601,0
710,20050602,0
711,20050603,0
712,20050606,0
713,20050607,0
714,20050608,0
715,20050609,0
716,20050610,0
717,20050613,0
718,20050614,0
719,20050615,0
720,20050616,0
721,20050617,0
722,20050620,0
723,20050621,0
724,20050622,0
725,20050623,0
726,20050624,0
727,20050627,0
728,20050628,0
729,20050629,0
730,20050630,0
731,20050701,0
732,20050705,0
733,20050706,0
734,20050707,0
735,20050708,0
736,20050711,0
737,20050712,0
738,20050713,0
739,20050714,0
740,20050715,0
741,20050718,0
742,20050719,0
743,20050720,0
744,20050721,0
745,20050722,0
746,20050725,0
747,20050726,0
748,20050727,0
749,20050728,0
750,20050729,0
751,20050801,0
752,20050802,0
753,20050803,0
754,20050804,0
755,20050805,0
756,20050808,0
757,20050809,0
758,20050810,0
759,20050811,0
760,20050812,0
761,20050815,0
762,20050816,0
763,20050817,0
764,20050818,0
765,20050819,0
766,20050822,0
767,20050823,0
768,20050824,0
769,20050825,0
770,20050826,0
771,20050829,0
772,20050830,0
773,20050831,0
774,20050901,0
775,20050902,0
776,20050906,0
777,20050907,0
778,20050908,0
779,20050909,0
780,20050912,0
781,20050913,0
782,20050914,0
783,20050915,0
784,20050916,0
785,20050919,0
786,20050920,0
787,20050921,0
788,20050922,0
789,20050923,0
790,20050926,0
791,20050927,0
792,20050928,0
793,20050929,0
794,20050930,0
795,20051003,0
796,20051004,0
797,20051005,0
798,20051006,0
799,20051007,0
800,20051010,0
801,20051011,0
802,20051012,0
803,20051013,0
804,20051014,0
805,20051017,0
806,20051018,0
807,20051019,0
808,20051020,0
809,20051021,0
810,20051024,0
811,20051025,0
812,20051026,0
813,20051027,0
814,20051028,0
815,20051031,0
816,20051101,0
817,20051102,0
818,20051103,0
819,20051104,0
820,20051107,0
821,20051108,0
822,20051109,0
823,20051110,0
824,20051111,0
825,20051114,0
826,20051115,0
827,20051116,0
828,20051117,0
829,20051118,0
830,20051121,0
831,20051122,0
832,20051123,0
833,20051125,0
834,20051128,0
835,20051129,0
836,20051130,0
837,20051201,0
838,20051202,0
839,20051205,0
840,20051206,0
841,20051207,0
842,20051208,0
843,20051209,0
844,20051212,0
845,20051213,0
846,20051214,0
847,20051215,0
848,20051216,0
849,20051219,0
850,20051220,0
851,20051221,0
852,20051222,0
853,20051223,0
854,20051227,0
855,20051228,0
856,20051229,0
857,20051230,0
858,20060103,0
859,20060104,0
860,20060105,0
861,20060106,0
862,20060109,0
863,20060110,0
864,20060111,0
865,20060112,0
866,20060113,0
867,20060117,0
868,20060118,0
869,20060119,0
870,20060120,0
871,20060123,0
872,20060124,0
873,20060125,0
874,20060126,0
875,20060127,0
876,20060130,0
877,20060131,0
878,20060201,0
879,20060202,0
880,20060203,0
881,20060206,0
882,20060207,0
883,20060208,0
884,20060209,0
885,20060210,0
886,20060213,0
887,20060214,0
888,20060215,0
889,20060216,0
890,20060217,0
891,20060221,0
892,20060222,0
893,20060223,0
894,20060224,0
895,20060227,0
896,20060228,0
897,20060301,0
898,20060302,0
899,20060303,0
900,20060306,0
901,20060307,0
902,20060308,0
903,20060309,0
904,20060310,0
905,20060313,0
906,20060314,0
907,20060315,0
908,20060316,0
909,20060317,0
910,20060320,0
911,20060321,0
912,20060322,0
913,20060323,0
914,20060324,0
915,20060327,0
916,20060328,0
917,20060329,0
918,20060330,0
919,20060331,0
920,20060403,0
921,20060404,0
922,20060405,0
923,20060406,0
924,20060407,0
925,20060410,0
926,20060411,0
927,20060412,0
928,20060413,0
929,20060417,0
930,20060418,0
931,20060419,0
932,20060420,0
933,20060421,0
934,20060424,0
935,20060425,0
936,20060426,0
937,20060427,0
938,20060428,0
939,20060501,0
940,20060502,0
941,20060503,0
942,20060504,0
943,20060505,0
944,20060508,0
945,20060509,0
946,20060510,0
947,20060511,0
948,20060512,0
949,20060515,0
950,20060516,0
951,20060517,0
952,20060518,0
953,20060519,0
954,20060522,0
955,20060523,0
956,20060524,0
957,20060525,0
958,20060526,0
959,20060530,0
960,20060531,0
961,20060601,0
962,20060602,0
963,20060605,0
964,20060606,0
965,20060607,0
966,20060608,0
967,20060609,0
968,20060612,0
969,20060613,0
970,20060614,0
971,20060615,0
972,20060616,0
973,20060619,0
974,20060620,0
975,20060621,0
976,20060622,0
977,20060623,0
978,20060626,0
979,20060627,0
980,20060628,0
981,20060629,0
982,20060630,0
983,20060703,0
984,20060705,0
985,20060706,0
986,20060707,0
987,20060710,0
988,20060711,0
989,20060712,0
990,20060713,0
991,20060714,0
992,20060717,0
993,20060718,0
994,20060719,0
995,20060720,0
996,20060721,0
997,20060724,0
998,20060725,0
999,20060726,0
1000,20060727,0
1001,20060728,0
1002,20060731,0
1003,20060801,0
1004,20060802,0
1005,20060803,0
1006,20060804,0
1007,20060807,0
1008,20060808,0
1009,20060809,0
1010,20060810,0
1011,20060811,0
1012,20060814,0
1013,20060815,0
1014,20060816,0
1015,20060817,0
1016,20060818,0
1017,20060821,0
1018,20060822,0
1019,20060823,0
1020,20060824,0
1021,20060825,0
1022,20060828,0
1023,20060829,0
1024,20060830,0
1025,20060831,0
1026,20060901,0
1027,20060905,0
1028,20060906,0
1029,20060907,0
1030,20060908,0
1031,20060911,0
1032,20060912,0
1033,20060913,0
1034,20060914,0
1035,20060915,0
1036,20060918,0
1037,20060919,0
1038,20060920,0
1039,20060921,0
1040,20060922,0
1041,20060925,0
1042,20060926,0
1043,20060927,0
1044,20060928,0
1045,20060929,0
1046,20061002,0
1047,20061003,0
1048,20061004,0
1049,20061005,0
1050,20061006,0
1051,20061009,0
1052,20061010,0
1053,20061011,0
1054,20061012,0
1055,20061013,0
1056,20061016,0
1057,20061017,0
1058,20061018,0
1059,20061019,0
1060,20061020,0
1061,20061023,0
1062,20061024,0
1063,20061025,0
1064,20061026,0
1065,20061027,0
1066,20061030,0
1067,20061031,0
1068,20061101,0
1069,20061102,0
1070,20061103,0
1071,20061106,0
1072,20061107,0
1073,20061108,0
1074,20061109,0
1075,20061110,0
1076,20061113,0
1077,20061114,0
1078,20061115,0
1079,20061116,0
1080,20061117,0
1081,20061120,0
1082,20061121,0
1083,20061122,0
1084,20061124,0
1085,20061127,0
1086,20061128,0
1087,20061129,0
1088,20061130,0
1089,20061201,0
1090,20061204,0
1091,20061205,0
1092,20061206,0
1093,20061207,0
1094,20061208,0
1095,20061211,0
1096,20061212,0
1097,20061213,0
1098,20061214,0
1099,20061215,0
1100,20061218,0
1101,20061219,0
1102,20061220,0
1103,20061221,0
1104,20061222,0
1105,20061226,0
1106,20061227,0
1107,20061228,0
1108,20061229,0
1109,20070103,0
1110,20070104,0
1111,20070105,0
1112,20070108,0
1113,20070109,0
1114,20070110,0
1115,20070111,0
1116,20070112,0
1117,20070116,0
1118,20070117,0
1119,20070118,0
1120,20070119,0
1121,20070122,0
1122,20070123,0
1123,20070124,0
1124,20070125,0
1125,20070126,0
1126,20070129,0
1127,20070130,0
1128,20070131,0
1129,20070201,0
1130,20070202,0
1131,20070205,0
1132,20070206,0
1133,20070207,0
1134,20070208,0
1135,20070209,0
1136,20070212,0
1137,20070213,0
1138,20070214,0
1139,20070215,0
1140,20070216,0
1141,20070220,0
1142,20070221,0
1143,20070222,0
1144,20070223,0
1145,20070226,0
1146,20070227,0
1147,20070228,0
1148,20070301,0
1149,20070302,0
1150,20070305,0
1151,20070306,0
1152,20070307,0
1153,20070308,0
1154,20070309,0
1155,20070312,0
1156,20070313,0
1157,20070314,0
1158,20070315,0
1159,20070316,0
1160,20070319,0
1161,20070320,0
1162,20070321,0
1163,20070322,0
1164,20070323,0
1165,20070326,0
1166,20070327,0
1167,20070328,0
1168,20070329,0
1169,20070330,0
1170,20070402,0
1171,20070403,0
1172,20070404,0
1173,20070405,0
1174,20070409,0
1175,20070410,0
1176,20070411,0
1177,20070412,0
1178,20070413,0
1179,20070416,0
1180,20070417,0
1181,20070418,0
1182,20070419,0
1183,20070420,0
1184,20070423,0
1185,20070424,0
1186,20070425,0
1187,20070426,0
1188,20070427,0
1189,20070430,0
1190,20070501,0
1191,20070502,0
1192,20070503,0
1193,20070504,0
1194,20070507,0
1195,20070508,0
1196,20070509,0
1197,20070510,0
1198,20070511,0
1199,20070514,0
1200,20070515,0
1201,20070516,0
1202,20070517,0
1203,20070518,0
1204,20070521,0
1205,20070522,0
1206,20070523,0
1207,20070524,0
1208,20070525,0
1209,20070529,0
1210,20070530,0
1211,20070531,0
1212,20070601,0
1213,20070604,0
1214,20070605,0
1215,20070606,0
1216,20070607,0
1217,20070608,0
1218,20070611,0
1219,20070612,0
1220,20070613,0
1221,20070614,0
1222,20070615,0
1223,20070618,0
1224,20070619,0
1225,20070620,0
1226,20070621,0
1227,20070622,0
1228,20070625,0
1229,20070626,0
1230,20070627,0
1231,20070628,0
1232,20070629,0
1233,20070702,0
1234,20070703,0
1235,20070705,0
1236,20070706,0
1237,20070709,0
1238,20070710,0
1239,20070711,0
1240,20070712,0
1241,20070713,0
1242,20070716,0
1243,20070717,0
1244,20070718,0
1245,20070719,0
1246,20070720,0
1247,20070723,0
1248,20070724,0
1249,20070725,0
1250,20070726,0
1251,20070727,0
1252,20070730,0
1253,20070731,0
1254,20070801,0
1255,20070802,0
1256,20070803,0
1257,20070806,0
1258,20070807,0
1259,20070808,0
1260,20070809,0
1261,20070810,0
1262,20070813,0
1263,20070814,0
1264,20070815,0
1265,20070816,0
1266,20070817,0
1267,20070820,0
1268,20070821,0
1269,20070822,0
1270,20070823,0
1271,20070824,0
1272,20070827,0
1273,20070828,0
1274,20070829,0
1275,20070830,0
1276,20070831,0
1277,20070904,0
1278,20070905,0
1279,20070906,0
1280,20070907,0
1281,20070910,0
1282,20070911,0
1283,20070912,0
1284,20070913,0
1285,20070914,0
1286,20070917,0
1287,20070918,0
1288,20070919,0
1289,20070920,0
1290,20070921,0
1291,20070924,0
1292,20070925,0
1293,20070926,0
1294,20070927,0
1295,20070928,0
1296,20071001,0
1297,20071002,0
1298,20071003,0
1299,20071004,0
1300,20071005,0
1301,20071008,0
1302,20071009,0
1303,20071010,0
1304,20071011,0
1305,20071012,0
1306,20071015,0
1307,20071016,0
1308,20071017,0
1309,20071018,0
1310,20071019,0
1311,20071022,0
1312,20071023,0
1313,20071024,0
1314,20071025,0
1315,20071026,0
1316,20071029,0
1317,20071030,0
1318,20071031,0
1319,20071101,0
1320,20071102,0
1321,20071105,0
1322,20071106,0
1323,20071107,0
1324,20071108,0
1325,20071109,0
1326,20071112,0
1327,20071113,0
1328,20071114,0
1329,20071115,0
1330,20071116,0
1331,20071119,0
1332,20071120,0
1333,20071121,0
1334,20071123,0
1335,20071126,0
1336,20071127,0
1337,20071128,0
1338,20071129,0
1339,20071130,0
1340,20071203,0
1341,20071204,0
1342,20071205,0
1343,20071206,0
1344,20071207,0
1345,20071210,0
1346,20071211,0
1347,20071212,0
1348,20071213,0
1349,20071214,0
1350,20071217,0
1351,20071218,0
1352,20071219,0
1353,20071220,0
1354,20071221,0
1355,20071224,0
1356,20071226,0
1357,20071227,0
1358,20071228,0
1359,20071231,0
1360,20080102,0
1361,20080103,0
1362,20080104,0
1363,20080107,0
1364,20080108,0
1365,20080109,0
1366,20080110,0
1367,20080111,0
1368,20080114,0
1369,20080115,0
1370,20080116,0
1371,20080117,0
1372,20080118,0
1373,20080122,0
1374,20080123,0
1375,20080124,0
1376,20080125,0
1377,20080128,0
1378,20080129,0
1379,20080130,0
1380,20080131,0
1381,20080201,0
1382,20080204,0
1383,20080205,0
1384,20080206,0
1385,20080207,0
1386,20080208,0
1387,20080211,0
1388,20080212,0
1389,20080213,0
1390,20080214,0
1391,20080215,0
1392,20080219,0
1393,20080220,0
1394,20080221,0
1395,20080222,0
1396,20080225,0
1397,20080226,0
1398,20080227,0
1399,20080228,0
1400,20080229,0
1401,20080303,0
1402,20080304,0
1403,20080305,0
1404,20080306,0
1405,20080307,0
1406,20080310,0
1407,20080311,0
1408,20080312,0
1409,20080313,0
1410,20080314,0
1411,20080317,0
1412,20080318,0
1413,20080319,0
1414,20080320,0
1415,20080324,0
1416,20080325,0
1417,20080326,0
1418,20080327,0
1419,20080328,0
1420,20080331,0
1421,20080401,0
1422,20080402,0
1423,20080403,0
1424,20080404,0
1425,20080407,0
1426,20080408,0
1427,20080409,0
1428,20080410,0
1429,20080411,0
1430,20080414,0
1431,20080415,0
1432,20080416,0
1433,20080417,0
1434,20080418,0
1435,20080421,0
1436,20080422,0
1437,20080423,0
1438,20080424,0
1439,20080425,0
1440,20080428,0
1441,20080429,0
1442,20080430,0
1443,20080501,0
1444,20080502,0
1445,20080505,0
1446,20080506,0
1447,20080507,0
1448,20080508,0
1449,20080509,0
1450,20080512,0
1451,20080513,0
1452,20080514,0
1453,20080515,0
1454,20080516,0
1455,20080519,0
1456,20080520,0
1457,20080521,0
1458,20080522,0
1459,20080523,0
1460,20080527,0
1461,20080528,0
1462,20080529,0
1463,20080530,0
1464,20080602,0
1465,20080603,0
1466,20080604,0
1467,20080605,0
1468,20080606,0
1469,20080609,0
1470,20080610,0
1471,20080611,0
1472,20080612,0
1473,20080613,0
1474,20080616,0
1475,20080617,0
1476,20080618,0
1477,20080619,0
1478,20080620,0
1479,20080623,0
1480,20080624,0
1481,20080625,0
1482,20080626,0
1483,20080627,0
1484,20080630,0
1485,20080701,0
1486,20080702,0
1487,20080703,0
1488,20080707,0
1489,20080708,0
1490,20080709,0
1491,20080710,0
1492,20080711,0
1493,20080714,0
1494,20080715,0
1495,20080716,0
1496,20080717,0
1497,20080718,0
1498,20080721,0
1499,20080722,0
1500,20080723,0
1501,20080724,0
1502,20080725,0
1503,20080728,0
1504,20080729,0
1505,20080730,0
1506,20080731,0
1507,20080801,0
1508,20080804,0
1509,20080805,0
1510,20080806,0
1511,20080807,0
1512,20080808,0
1513,20080811,0
1514,20080812,-0.6249
1515,20080813,0
1516,20080814,0
1517,20080815,0
1518,20080818,0
1519,20080819,0
1520,20080820,0
1521,20080821,0
1522,20080822,0
1523,20080825,0
1524,20080826,0
1525,20080827,0
1526,20080828,0
1527,20080829,0
1528,20080902,0
1529,20080903,0
1530,20080904,0
1531,20080905,0
1532,20080908,0
1533,20080909,0
1534,20080910,-0.6249
1535,20080911,0
1536,20080912,0
1537,20080915,0
1538,20080916,0
1539,20080917,0
1540,20080918,0
1541,20080919,0
1542,20080922,0
1543,20080923,0
1544,20080924,0
1545,20080925,0
1546,20080926,0
1547,20080929,0
1548,20080930,0
1549,20081001,0.2732
1550,20081002,0
1551,20081003,0
1552,20081006,0
1553,20081007,0
1554,20081008,0
1555,20081009,0
1556,20081010,0
1557,20081013,-0.2787
1558,20081014,0
1559,20081015,0
1560,20081016,0
1561,20081017,0
1562,20081020,0
1563,20081021,0
1564,20081022,0
1565,20081023,-0.148
1566,20081024,0
1567,20081027,-0.2083
1568,20081028,0
1569,20081029,-0.230225
1570,20081030,0
1571,20081031,0
1572,20081103,0
1573,20081104,0
1574,20081105,0
1575,20081106,0
1576,20081107,0
1577,20081110,0
1578,20081111,0
1579,20081112,0
1580,20081113,0
1581,20081114,-0.175566666666666
1582,20081117,-0.074
1583,20081118,0
1584,20081119,0
1585,20081120,-0.31245
1586,20081121,0
1587,20081124,0
1588,20081125,0
1589,20081126,0
1590,20081128,0
1591,20081201,0
1592,20081202,0.34
1593,20081203,0
1594,20081204,0
1595,20081205,0.4215
1596,20081208,0
1597,20081209,0
1598,20081210,0.4404
1599,20081211,0
1600,20081212,-0.148
1601,20081215,0
1602,20081216,0
1603,20081217,0
1604,20081218,0
1605,20081219,0
1606,20081222,0
1607,20081223,0
1608,20081224,0
1609,20081226,0
1610,20081229,0
1611,20081230,0
1612,20081231,0
1613,20090102,0
1614,20090105,0
1615,20090106,0
1616,20090107,0
1617,20090108,0
1618,20090109,0
1619,20090112,0
1620,20090113,0
1621,20090114,0
1622,20090115,0
1623,20090116,0
1624,20090120,0
1625,20090121,0
1626,20090122,0
1627,20090123,0
1628,20090126,0
1629,20090127,0
1630,20090128,-0.148
1631,20090129,0.0525999999999999
1632,20090130,-0.5267
1633,20090202,0
1634,20090203,-0.2787
1635,20090204,0
1636,20090205,0
1637,20090206,-0.0986666666666666
1638,20090209,0
1639,20090210,0
1640,20090211,0
1641,20090212,0
1642,20090213,0
1643,20090217,0
1644,20090218,0
1645,20090219,0
1646,20090220,-0.296
1647,20090223,0
1648,20090224,0
1649,20090225,0
1650,20090226,0
1651,20090227,0
1652,20090302,0
1653,20090303,0.34
1654,20090304,0
1655,20090305,0.30185
1656,20090306,0
1657,20090309,0
1658,20090310,0
1659,20090311,0
1660,20090312,0
1661,20090313,0
1662,20090316,0
1663,20090317,0
1664,20090318,0
1665,20090319,0
1666,20090320,0
1667,20090323,0
1668,20090324,0
1669,20090325,0
1670,20090326,0.1806
1671,20090327,0
1672,20090330,0
1673,20090331,0.25
1674,20090401,-0.074
1675,20090402,0
1676,20090403,0
1677,20090406,0
1678,20090407,0
1679,20090408,0
1680,20090409,0
1681,20090413,-0.296
1682,20090414,-0.074
1683,20090415,0
1684,20090416,0
1685,20090417,-0.0454333333333333
1686,20090420,0
1687,20090421,0
1688,20090422,0
1689,20090423,0
1690,20090424,-0.31245
1691,20090427,0
1692,20090428,-0.197333333333333
1693,20090429,0
1694,20090430,0
1695,20090501,-0.6249
1696,20090504,0
1697,20090505,-0.2787
1698,20090506,0
1699,20090507,0.0734
1700,20090508,0
1701,20090511,0
1702,20090512,0
1703,20090513,-0.0986666666666666
1704,20090514,0.0172
1705,20090515,0
1706,20090518,0
1707,20090519,0
1708,20090520,0
1709,20090521,0
1710,20090522,0
1711,20090526,0
1712,20090527,0
1713,20090528,0
1714,20090529,0
1715,20090601,0
1716,20090602,0
1717,20090603,0
1718,20090604,0.31845
1719,20090605,0
1720,20090608,0
1721,20090609,0
1722,20090610,0
1723,20090611,0
1724,20090612,0
1725,20090615,0
1726,20090616,-0.148
1727,20090617,0
1728,20090618,0
1729,20090619,0
1730,20090622,-0.21075
1731,20090623,0
1732,20090624,0
1733,20090625,0
1734,20090626,0
1735,20090629,0
1736,20090630,0
1737,20090701,-0.1858
1738,20090702,0
1739,20090706,0
1740,20090707,0
1741,20090708,-0.296
1742,20090709,0
1743,20090710,0
1744,20090713,0
1745,20090714,0
1746,20090715,0
1747,20090716,0
1748,20090717,-0.296
1749,20090720,-0.29295
1750,20090721,0
1751,20090722,0
1752,20090723,0
1753,20090724,0
1754,20090727,0
1755,20090728,0
1756,20090729,0
1757,20090730,0
1758,20090731,0
1759,20090803,0
1760,20090804,0
1761,20090805,0
1762,20090806,0
1763,20090807,0
1764,20090810,0
1765,20090811,0
1766,20090812,0
1767,20090813,0
1768,20090814,0
1769,20090817,0
1770,20090818,0
1771,20090819,0
1772,20090820,0
1773,20090821,0
1774,20090824,0
1775,20090825,0
1776,20090826,0
1777,20090827,0
1778,20090828,0
1779,20090831,0
1780,20090901,0
1781,20090902,0
1782,20090903,0
1783,20090904,0
1784,20090908,0
1785,20090909,0
1786,20090910,0
1787,20090911,0
1788,20090914,0
1789,20090915,0
1790,20090916,0
1791,20090917,0
1792,20090918,0
1793,20090921,0
1794,20090922,0
1795,20090923,0
1796,20090924,0
1797,20090925,0
1798,20090928,0
1799,20090929,0
1800,20090930,0
1801,20091001,0
1802,20091002,0
1803,20091005,0
1804,20091006,0
1805,20091007,0.5267
1806,20091008,0
1807,20091009,0
1808,20091012,0
1809,20091013,-0.0986666666666666
1810,20091014,0
1811,20091015,-0.0986666666666666
1812,20091016,0
1813,20091019,0
1814,20091020,0
1815,20091021,0
1816,20091022,0
1817,20091023,0.0593
1818,20091026,0
1819,20091027,0
1820,20091028,-0.247666666666666
1821,20091029,0.113333333333333
1822,20091030,0
1823,20091102,0
1824,20091103,0
1825,20091104,0
1826,20091105,0
1827,20091106,0
1828,20091109,0
1829,20091110,0.1806
1830,20091111,0
1831,20091112,0
1832,20091113,0
1833,20091116,-0.148
1834,20091117,0
1835,20091118,0
1836,20091119,0
1837,20091120,0
1838,20091123,0
1839,20091124,0.0258
1840,20091125,0
1841,20091127,0
1842,20091130,0
1843,20091201,0
1844,20091202,0
1845,20091203,0
1846,20091204,0
1847,20091207,0
1848,20091208,0
1849,20091209,0
1850,20091210,0
1851,20091211,0
1852,20091214,0
1853,20091215,0
1854,20091216,0
1855,20091217,0
1856,20091218,0
1857,20091221,0
1858,20091222,0
1859,20091223,0
1860,20091224,0
1861,20091228,0
1862,20091229,0
1863,20091230,-0.743
1864,20091231,0
1865,20100104,0
1866,20100105,0
1867,20100106,0
1868,20100107,0
1869,20100108,0
1870,20100111,0
1871,20100112,0
1872,20100113,-0.0986666666666666
1873,20100114,0
1874,20100115,0
1875,20100119,0
1876,20100120,-0.2083
1877,20100121,0
1878,20100122,0
1879,20100125,0
1880,20100126,0
1881,20100127,0
1882,20100128,0
1883,20100129,0
1884,20100201,0
1885,20100202,-0.0986666666666666
1886,20100203,0
1887,20100204,-0.074
1888,20100205,0
1889,20100208,0
1890,20100209,0
1891,20100210,0
1892,20100211,0
1893,20100212,0.204133333333333
1894,20100216,-0.074
1895,20100217,0
1896,20100218,-0.12498
1897,20100219,0
1898,20100222,0
1899,20100223,0
1900,20100224,0
1901,20100225,-0.1858
1902,20100226,0
1903,20100301,-0.1858
1904,20100302,0
1905,20100303,0
1906,20100304,0
1907,20100305,0
1908,20100308,0
1909,20100309,0
1910,20100310,0
1911,20100311,0
1912,20100312,-0.1702
1913,20100315,0
1914,20100316,0
1915,20100317,0
1916,20100318,0
1917,20100319,0
1918,20100322,0
1919,20100323,0
1920,20100324,0
1921,20100325,-0.31245
1922,20100326,0.07955
1923,20100329,0
1924,20100330,0
1925,20100331,0.2139
1926,20100401,0
1927,20100405,0
1928,20100406,0
1929,20100407,0
1930,20100408,0
1931,20100409,0
1932,20100412,0
1933,20100413,0
1934,20100414,0
1935,20100415,-0.0861333333333333
1936,20100416,-0.148
1937,20100419,-0.0986666666666666
1938,20100420,0
1939,20100421,0
1940,20100422,0
1941,20100423,0
1942,20100426,0
1943,20100427,0
1944,20100428,0
1945,20100429,-0.0986666666666666
1946,20100430,0
1947,20100503,0
1948,20100504,0
1949,20100505,-0.074
1950,20100506,0
1951,20100507,0
1952,20100510,0
1953,20100511,0
1954,20100512,0
1955,20100513,0
1956,20100514,0.2994
1957,20100517,0
1958,20100518,0
1959,20100519,0
1960,20100520,0
1961,20100521,0
1962,20100524,0
1963,20100525,0
1964,20100526,0
1965,20100527,0
1966,20100528,0.1591
1967,20100601,0
1968,20100602,0.0734
1969,20100603,0
1970,20100604,0
1971,20100607,0
1972,20100608,0
1973,20100609,0
1974,20100610,0
1975,20100611,0
1976,20100614,0
1977,20100615,0
1978,20100616,0
1979,20100617,0
1980,20100618,0
1981,20100621,0
1982,20100622,0
1983,20100623,0
1984,20100624,0
1985,20100625,0.5106
1986,20100628,0
1987,20100629,0
1988,20100630,0
1989,20100701,0
1990,20100702,0
1991,20100706,0
1992,20100707,0
1993,20100708,0
1994,20100709,0
1995,20100712,0
1996,20100713,0
1997,20100714,0
1998,20100715,0
1999,20100716,0
2000,20100719,0
2001,20100720,0
2002,20100721,0
2003,20100722,0
2004,20100723,0
2005,20100726,0
2006,20100727,0
2007,20100728,0
2008,20100729,0
2009,20100730,0
2010,20100802,0
2011,20100803,0
2012,20100804,0
2013,20100805,0
2014,20100806,0
2015,20100809,0
2016,20100810,0
2017,20100811,0
2018,20100812,0
2019,20100813,0
2020,20100816,0
2021,20100817,0
2022,20100818,0
2023,20100819,0
2024,20100820,0
2025,20100823,0
2026,20100824,0
2027,20100825,0
2028,20100826,0
2029,20100827,0
2030,20100830,0
2031,20100831,0
2032,20100901,0
2033,20100902,0
2034,20100903,0
2035,20100907,0
2036,20100908,0
2037,20100909,0
2038,20100910,0
2039,20100913,0
2040,20100914,0
2041,20100915,0
2042,20100916,0
2043,20100917,0
2044,20100920,0
2045,20100921,0
2046,20100922,0
2047,20100923,0
2048,20100924,0
2049,20100927,0
2050,20100928,0
2051,20100929,0.5267
2052,20100930,0
2053,20101001,0
2054,20101004,0
2055,20101005,0
2056,20101006,0
2057,20101007,0
2058,20101008,0
2059,20101011,0
2060,20101012,0
2061,20101013,0
2062,20101014,0
2063,20101015,0
2064,20101018,0
2065,20101019,0
2066,20101020,0
2067,20101021,0
2068,20101022,0
2069,20101025,0
2070,20101026,0
2071,20101027,0
2072,20101028,0
2073,20101029,0
2074,20101101,0
2075,20101102,0
2076,20101103,0
2077,20101104,0
2078,20101105,0
2079,20101108,0
2080,20101109,0
2081,20101110,0
2082,20101111,0
2083,20101112,0
2084,20101115,0
2085,20101116,0
2086,20101117,0
2087,20101118,0
2088,20101119,0
2089,20101122,0
2090,20101123,0
2091,20101124,0
2092,20101126,0
2093,20101129,0
2094,20101130,0
2095,20101201,0
2096,20101202,0
2097,20101203,0
2098,20101206,0
2099,20101207,0
2100,20101208,0
2101,20101209,0
2102,20101210,0
2103,20101213,0
2104,20101214,0
2105,20101215,0
2106,20101216,0
2107,20101217,0
2108,20101220,0
2109,20101221,0
2110,20101222,0
2111,20101223,0
2112,20101227,0
2113,20101228,0
2114,20101229,-0.6249
2115,20101230,0
2116,20101231,0
2117,20110103,0
2118,20110104,0
2119,20110105,0
2120,20110106,0
2121,20110107,0
2122,20110110,0.3182
2123,20110111,0
2124,20110112,0
2125,20110113,0
2126,20110114,0
2127,20110118,-0.1027
2128,20110119,0
2129,20110120,0
2130,20110121,0
2131,20110124,0.3182
2132,20110125,0
2133,20110126,0
2134,20110127,0
2135,20110128,0
2136,20110131,0
2137,20110201,0
2138,20110202,0
2139,20110203,0
2140,20110204,0
2141,20110207,0.3182
2142,20110208,0
2143,20110209,0
2144,20110210,0
2145,20110211,0
2146,20110214,0
2147,20110215,0.6124
2148,20110216,0
2149,20110217,0
2150,20110218,0
2151,20110222,0
2152,20110223,0
2153,20110224,0
2154,20110225,0
2155,20110228,0.2842
2156,20110301,0
2157,20110302,0
2158,20110303,0
2159,20110304,0
2160,20110307,0
2161,20110308,0
2162,20110309,0
2163,20110310,0
2164,20110311,0
2165,20110314,0
2166,20110315,0
2167,20110316,0
2168,20110317,0
2169,20110318,0
2170,20110321,0
2171,20110322,0
2172,20110323,0
2173,20110324,0
2174,20110325,0
2175,20110328,0
2176,20110329,0
2177,20110330,0
2178,20110331,0
2179,20110401,0
2180,20110404,0
2181,20110405,0
2182,20110406,0
2183,20110407,0
2184,20110408,0
2185,20110411,0
2186,20110412,0
2187,20110413,0
2188,20110414,0
2189,20110415,0
2190,20110418,0
2191,20110419,0
2192,20110420,0
2193,20110421,0
2194,20110425,0
2195,20110426,0
2196,20110427,0
2197,20110428,0
2198,20110429,0
2199,20110502,0
2200,20110503,0
2201,20110504,0
2202,20110505,0
2203,20110506,0
2204,20110509,0
2205,20110510,0
2206,20110511,0
2207,20110512,0
2208,20110513,0
2209,20110516,0
2210,20110517,0
2211,20110518,0
2212,20110519,0
2213,20110520,0
2214,20110523,0
2215,20110524,0
2216,20110525,0
2217,20110526,0
2218,20110527,0
2219,20110531,0
2220,20110601,0
2221,20110602,0
2222,20110603,0
2223,20110606,0
2224,20110607,0
2225,20110608,0
2226,20110609,0
2227,20110610,0
2228,20110613,0
2229,20110614,0
2230,20110615,0
2231,20110616,0
2232,20110617,0
2233,20110620,0.34
2234,20110621,0
2235,20110622,0
2236,20110623,0
2237,20110624,0
2238,20110627,0
2239,20110628,0
2240,20110629,0
2241,20110630,0
2242,20110701,0
2243,20110705,0
2244,20110706,0
2245,20110707,0
2246,20110708,0
2247,20110711,0
2248,20110712,-0.5574
2249,20110713,0
2250,20110714,0
2251,20110715,0
2252,20110718,0
2253,20110719,0
2254,20110720,0
2255,20110721,0
2256,20110722,0
2257,20110725,0
2258,20110726,0
2259,20110727,0
2260,20110728,0
2261,20110729,0
2262,20110801,0.31845
2263,20110802,0
2264,20110803,0
2265,20110804,0
2266,20110805,0
2267,20110808,0
2268,20110809,0
2269,20110810,0
2270,20110811,0
2271,20110812,0
2272,20110815,0
2273,20110816,0
2274,20110817,0
2275,20110818,0
2276,20110819,0
2277,20110822,0
2278,20110823,0
2279,20110824,0.376499999999999
2280,20110825,0
2281,20110826,0
2282,20110829,0.04035
2283,20110830,0
2284,20110831,0
2285,20110901,0
2286,20110902,0
2287,20110906,0.5719
2288,20110907,0
2289,20110908,0
2290,20110909,0
2291,20110912,0
2292,20110913,0.1779
2293,20110914,0
2294,20110915,-0.2732
2295,20110916,0
2296,20110919,0.8885
2297,20110920,0
2298,20110921,0
2299,20110922,0
2300,20110923,0
2301,20110926,-0.8885
2302,20110927,0
2303,20110928,0
2304,20110929,0
2305,20110930,0
2306,20111003,0.3452
2307,20111004,0
2308,20111005,0
2309,20111006,0
2310,20111007,0
2311,20111010,0
2312,20111011,0
2313,20111012,0
2314,20111013,0.1027
2315,20111014,0
2316,20111017,0
2317,20111018,0
2318,20111019,0
2319,20111020,0
2320,20111021,0
2321,20111024,0
2322,20111025,0
2323,20111026,0
2324,20111027,0
2325,20111028,0
2326,20111031,-0.5574
2327,20111101,0
2328,20111102,0
2329,20111103,0
2330,20111104,0
2331,20111107,0
2332,20111108,0
2333,20111109,0
2334,20111110,0
2335,20111111,0
2336,20111114,0
2337,20111115,0
2338,20111116,0
2339,20111117,0
2340,20111118,0
2341,20111121,0
2342,20111122,0
2343,20111123,0
2344,20111125,0
2345,20111128,0
2346,20111129,0
2347,20111130,0
2348,20111201,0
2349,20111202,0
2350,20111205,0
2351,20111206,0
2352,20111207,0
2353,20111208,0
2354,20111209,0
2355,20111212,0
2356,20111213,0
2357,20111214,0
2358,20111215,0
2359,20111216,0
2360,20111219,0
2361,20111220,0
2362,20111221,0
2363,20111222,0
2364,20111223,0
2365,20111227,0
2366,20111228,0
2367,20111229,0
2368,20111230,0
2369,20120103,0
2370,20120104,0
2371,20120105,0
2372,20120106,0
2373,20120109,0
2374,20120110,0.4588
2375,20120111,0
2376,20120112,0
2377,20120113,0
2378,20120117,0
2379,20120118,0
2380,20120119,0
2381,20120120,0
2382,20120123,0
2383,20120124,0
2384,20120125,0
2385,20120126,0
2386,20120127,0
2387,20120130,0
2388,20120131,0
2389,20120201,-0.3182
2390,20120202,0
2391,20120203,0
2392,20120206,0
2393,20120207,0
2394,20120208,0
2395,20120209,0
2396,20120210,-0.4168
2397,20120213,0
2398,20120214,0
2399,20120215,0
2400,20120216,0
2401,20120217,0.3062
2402,20120221,0
2403,20120222,0
2404,20120223,0
2405,20120224,0
2406,20120227,0
2407,20120228,-0.5267
2408,20120229,0
2409,20120301,0
2410,20120302,0
2411,20120305,0
2412,20120306,0
2413,20120307,0
2414,20120308,0
2415,20120309,0
2416,20120312,0
2417,20120313,0
2418,20120314,0
2419,20120315,0
2420,20120316,0
2421,20120319,0
2422,20120320,0
2423,20120321,0
2424,20120322,0
2425,20120323,0
2426,20120326,0
2427,20120327,0
2428,20120328,0
2429,20120329,0
2430,20120330,0
2431,20120402,0
2432,20120403,0
2433,20120404,0
2434,20120405,0
2435,20120409,0
2436,20120410,0
2437,20120411,0
2438,20120412,0
2439,20120413,0
2440,20120416,0
2441,20120417,0
2442,20120418,0.1779
2443,20120419,0
2444,20120420,0
2445,20120423,0
2446,20120424,0
2447,20120425,0
2448,20120426,0
2449,20120427,0
2450,20120430,0
2451,20120501,0
2452,20120502,0
2453,20120503,0
2454,20120504,0
2455,20120507,0
2456,20120508,0
2457,20120509,0
2458,20120510,0
2459,20120511,0
2460,20120514,0
2461,20120515,0
2462,20120516,0
2463,20120517,0
2464,20120518,0
2465,20120521,0
2466,20120522,0
2467,20120523,0
2468,20120524,0
2469,20120525,0.3182
2470,20120529,0
2471,20120530,0
2472,20120531,0
2473,20120601,0
2474,20120604,0
2475,20120605,0
2476,20120606,0
2477,20120607,0
2478,20120608,0
2479,20120611,0
2480,20120612,0
2481,20120613,0
2482,20120614,0
2483,20120615,0
2484,20120618,0
2485,20120619,0
2486,20120620,0
2487,20120621,0
2488,20120622,0.296
2489,20120625,0
2490,20120626,0
2491,20120627,0
2492,20120628,0
2493,20120629,0
2494,20120702,0
2495,20120703,0
2496,20120705,0
2497,20120706,0
2498,20120709,0
2499,20120710,0
2500,20120711,0
2501,20120712,0.7003
2502,20120713,0
2503,20120716,0
2504,20120717,0
2505,20120718,0
2506,20120719,0
2507,20120720,0
2508,20120723,0
2509,20120724,0
2510,20120725,0
2511,20120726,0
2512,20120727,0
2513,20120730,0
2514,20120731,0
2515,20120801,0
2516,20120802,0
2517,20120803,0
2518,20120806,0
2519,20120807,0
2520,20120808,0
2521,20120809,0
2522,20120810,0
2523,20120813,0
2524,20120814,0
2525,20120815,0
2526,20120816,0
2527,20120817,0
2528,20120820,0
2529,20120821,0
2530,20120822,0
2531,20120823,0
2532,20120824,0
2533,20120827,0
2534,20120828,0
2535,20120829,0
2536,20120830,0
2537,20120831,0
2538,20120904,0
2539,20120905,0
2540,20120906,0
2541,20120907,0
2542,20120910,0
2543,20120911,0
2544,20120912,0
2545,20120913,0
2546,20120914,0
2547,20120917,0
2548,20120918,0
2549,20120919,0
2550,20120920,0
2551,20120921,0
2552,20120924,0
2553,20120925,0
2554,20120926,0
2555,20120927,0
2556,20120928,0
2557,20121001,0
2558,20121002,0
2559,20121003,0
2560,20121004,0
2561,20121005,-0.2997
2562,20121008,0
2563,20121009,0
2564,20121010,0
2565,20121011,0
2566,20121012,0
2567,20121015,0
2568,20121016,0
2569,20121017,0
2570,20121018,0
2571,20121019,0.3818
2572,20121022,0
2573,20121023,0
2574,20121024,0
2575,20121025,0
2576,20121026,0
2577,20121031,0.34
2578,20121101,0
2579,20121102,0
2580,20121105,0
2581,20121106,0
2582,20121107,0
2583,20121108,0
2584,20121109,0
2585,20121112,0
2586,20121113,0
2587,20121114,0
2588,20121115,0
2589,20121116,0
2590,20121119,-0.4019
2591,20121120,0
2592,20121121,0
2593,20121123,0
2594,20121126,0
2595,20121127,0
2596,20121128,0
2597,20121129,0
2598,20121130,0
2599,20121203,0
2600,20121204,0
2601,20121205,0
2602,20121206,0
2603,20121207,0
2604,20121210,0
2605,20121211,0
2606,20121212,0
2607,20121213,0
2608,20121214,0
2609,20121217,0
2610,20121218,0
2611,20121219,0
2612,20121220,0
2613,20121221,0
2614,20121224,0
2615,20121226,0
2616,20121227,0
2617,20121228,0
2618,20121231,0
2619,20130102,0
2620,20130103,0
2621,20130104,0
2622,20130107,0
2623,20130108,0.6369
2624,20130109,0
2625,20130110,0
2626,20130111,0
2627,20130114,0
2628,20130115,0
2629,20130116,0
2630,20130117,0
2631,20130118,0
2632,20130122,0
2633,20130123,-0.5719
2634,20130124,0
2635,20130125,0
2636,20130128,0
2637,20130129,0
2638,20130130,0
2639,20130131,0
2640,20130201,0
2641,20130204,0
2642,20130205,0
2643,20130206,0
2644,20130207,0
2645,20130208,0
2646,20130211,0
2647,20130212,0
2648,20130213,0
2649,20130214,-0.2263
2650,20130215,0
2651,20130219,0
2652,20130220,0
2653,20130221,0
2654,20130222,0
2655,20130225,0
2656,20130226,0
2657,20130227,0
2658,20130228,0
2659,20130301,0
2660,20130304,0
2661,20130305,0
2662,20130306,0
2663,20130307,0
2664,20130308,0
2665,20130311,0.6369
2666,20130312,0
2667,20130313,0
2668,20130314,0
2669,20130315,0
2670,20130318,0
2671,20130319,0
2672,20130320,0
2673,20130321,0
2674,20130322,0
2675,20130325,0
2676,20130326,0
2677,20130327,0
2678,20130328,0
2679,20130401,-0.3818
2680,20130402,0
2681,20130403,-0.2202
2682,20130404,0
2683,20130405,-0.23835
2684,20130408,0
2685,20130409,0
2686,20130410,0
2687,20130411,0
2688,20130412,0
2689,20130415,0
2690,20130416,0
2691,20130417,0
2692,20130418,0
2693,20130419,0.4019
2694,20130422,0
2695,20130423,-0.23835
2696,20130424,0
2697,20130425,0
2698,20130426,0
2699,20130429,0
2700,20130430,0
2701,20130501,0
2702,20130502,0
2703,20130503,0
2704,20130506,0
2705,20130507,0
2706,20130508,0
2707,20130509,0
2708,20130510,0
2709,20130513,0
2710,20130514,0
2711,20130515,0.22485
2712,20130516,0
2713,20130517,0
2714,20130520,0
2715,20130521,0
2716,20130522,0
2717,20130523,0
2718,20130524,0
2719,20130528,0
2720,20130529,0
2721,20130530,0
2722,20130531,0
2723,20130603,0
2724,20130604,0
2725,20130605,0.25
2726,20130606,0
2727,20130607,0
2728,20130610,0
2729,20130611,0.6369
2730,20130612,0
2731,20130613,0
2732,20130614,0
2733,20130617,0
2734,20130618,0
2735,20130619,0
2736,20130620,0
2737,20130621,0
2738,20130624,0
2739,20130625,0
2740,20130626,0
2741,20130627,0
2742,20130628,0
2743,20130701,0
2744,20130702,0
2745,20130703,0
2746,20130705,0
2747,20130708,0
2748,20130709,0
2749,20130710,0
2750,20130711,0
2751,20130712,0
2752,20130715,0
2753,20130716,0
2754,20130717,0
2755,20130718,0
2756,20130719,0
2757,20130722,-0.296
2758,20130723,0
2759,20130724,0
2760,20130725,0
2761,20130726,0
2762,20130729,0
2763,20130730,0
2764,20130731,0
2765,20130801,0
2766,20130802,0
2767,20130805,0
2768,20130806,0
2769,20130807,0
2770,20130808,0
2771,20130809,0
2772,20130812,0
2773,20130813,0.101
2774,20130814,0.11315
2775,20130815,0
2776,20130816,0
2777,20130819,0
2778,20130820,0
2779,20130821,0
2780,20130822,0
2781,20130823,0
2782,20130826,0
2783,20130827,0
2784,20130828,0
2785,20130829,0
2786,20130830,0
2787,20130903,0
2788,20130904,0
2789,20130905,0
2790,20130906,0
2791,20130909,0
2792,20130910,0
2793,20130911,0
2794,20130912,0
2795,20130913,0
2796,20130916,0
2797,20130917,0
2798,20130918,0
2799,20130919,0
2800,20130920,0
2801,20130923,0
2802,20130924,0
2803,20130925,0
2804,20130926,0
2805,20130927,0
2806,20130930,0
2807,20131001,0
2808,20131002,0
2809,20131003,0
2810,20131004,0
2811,20131007,0
2812,20131008,0
2813,20131009,0
2814,20131010,0
2815,20131011,0.085
2816,20131014,0
2817,20131015,0
2818,20131016,0.6369
2819,20131017,0
2820,20131018,0
2821,20131021,0
2822,20131022,0
2823,20131023,0
2824,20131024,0
2825,20131025,0
2826,20131028,0
2827,20131029,0
2828,20131030,0.5994
2829,20131031,0
2830,20131101,0
2831,20131104,0
2832,20131105,0
2833,20131106,0.2023
2834,20131107,0
2835,20131108,0
2836,20131111,-0.5574
2837,20131112,0
2838,20131113,0
2839,20131114,0
2840,20131115,0
2841,20131118,0
2842,20131119,0
2843,20131120,0
2844,20131121,0
2845,20131122,0
2846,20131125,0
2847,20131126,0
2848,20131127,0.1027
2849,20131129,0
2850,20131202,0
2851,20131203,0
2852,20131204,0
2853,20131205,0
2854,20131206,0
2855,20131209,0
2856,20131210,0
2857,20131211,0
2858,20131212,0
2859,20131213,0
2860,20131216,0
2861,20131217,0
2862,20131218,0.064
2863,20131219,0
2864,20131220,0
2865,20131223,0
2866,20131224,0
2867,20131226,0
2868,20131227,0
2869,20131230,0
2870,20131231,0
2871,20140102,0
2872,20140103,0
2873,20140106,0
2874,20140107,0
2875,20140108,0
2876,20140109,0
2877,20140110,0
2878,20140113,0
2879,20140114,0
2880,20140115,0
2881,20140116,0
2882,20140117,0
2883,20140121,0
2884,20140122,0
2885,20140123,0
2886,20140124,0
2887,20140127,0
2888,20140128,0
2889,20140129,0
2890,20140130,0
2891,20140131,0
2892,20140203,0
2893,20140204,0
2894,20140205,0
2895,20140206,0
2896,20140207,0
2897,20140210,0
2898,20140211,0
2899,20140212,0
2900,20140213,0
2901,20140214,0
2902,20140218,0
2903,20140219,0
2904,20140220,0
2905,20140221,0
2906,20140224,0
2907,20140225,0
2908,20140226,0
2909,20140227,0
2910,20140228,0
2911,20140303,0
2912,20140304,0
2913,20140305,0
2914,20140306,-0.5574
2915,20140307,0
2916,20140310,0
2917,20140311,0
2918,20140312,0
2919,20140313,0
2920,20140314,0
2921,20140317,0
2922,20140318,0
2923,20140319,0
2924,20140320,0
2925,20140321,0.4939
2926,20140324,0
2927,20140325,0
2928,20140326,0
2929,20140327,0
2930,20140328,0
2931,20140331,0
2932,20140401,0
2933,20140402,0
2934,20140403,0
2935,20140404,0
2936,20140407,0
2937,20140408,0
2938,20140409,0
2939,20140410,0
2940,20140411,0
2941,20140414,0
2942,20140415,0
2943,20140416,0
2944,20140417,0
2945,20140421,0
2946,20140422,0
2947,20140423,0
2948,20140424,0
2949,20140425,0
2950,20140428,0
2951,20140429,0
2952,20140430,0
2953,20140501,0
2954,20140502,0
2955,20140505,-0.26335
2956,20140506,0
2957,20140507,0
2958,20140508,0
2959,20140509,0
2960,20140512,0
2961,20140513,0
2962,20140514,0
2963,20140515,0.5849
2964,20140516,0
2965,20140519,0
2966,20140520,0
2967,20140521,0
2968,20140522,0
2969,20140523,0
2970,20140527,0
2971,20140528,0
2972,20140529,0
2973,20140530,-0.2425
2974,20140602,0
2975,20140603,0
2976,20140604,0.4019
2977,20140605,0
2978,20140606,0
2979,20140609,0
2980,20140610,0
2981,20140611,0.128
2982,20140612,0
2983,20140613,0
2984,20140616,0
2985,20140617,0
2986,20140618,0
2987,20140619,0
2988,20140620,0
2989,20140623,0
2990,20140624,0
2991,20140625,0
2992,20140626,0
2993,20140627,0
2994,20140630,0
2995,20140701,0
2996,20140702,0
2997,20140703,0
2998,20140707,0.34
2999,20140708,0
3000,20140709,0
3001,20140710,0
3002,20140711,-0.5574
3003,20140714,0
3004,20140715,0
3005,20140716,0
3006,20140717,0.3612
3007,20140718,0
3008,20140721,0
3009,20140722,-0.07655
3010,20140723,0
3011,20140724,0
3012,20140725,0
3013,20140728,0
3014,20140729,0
3015,20140730,0
3016,20140731,0.2023
3017,20140801,0
3018,20140804,0
3019,20140805,0
3020,20140806,0
3021,20140807,0
3022,20140808,0
3023,20140811,0
3024,20140812,0
3025,20140813,0
3026,20140814,0
3027,20140815,0
3028,20140818,0
3029,20140819,0
3030,20140820,0
3031,20140821,-0.2787
3032,20140822,0
3033,20140825,0
3034,20140826,0
3035,20140827,0
3036,20140828,0
3037,20140829,0
3038,20140902,0
3039,20140903,0
3040,20140904,0
3041,20140905,0
3042,20140908,0
3043,20140909,0
3044,20140910,0
3045,20140911,0
3046,20140912,0
3047,20140915,0
3048,20140916,0.11315
3049,20140917,0
3050,20140918,0
3051,20140919,0
3052,20140922,0
3053,20140923,0
3054,20140924,0
3055,20140925,0
3056,20140926,0
3057,20140929,0
3058,20140930,0
3059,20141001,0
3060,20141002,0
3061,20141003,0
3062,20141006,0
3063,20141007,0
3064,20141008,0
3065,20141009,0
3066,20141010,0
3067,20141013,0
3068,20141014,0
3069,20141015,0
3070,20141016,0.2732
3071,20141017,-0.148
3072,20141020,0
3073,20141021,0
3074,20141022,0
3075,20141023,0
3076,20141024,0
3077,20141027,0.3548
3078,20141028,0
3079,20141029,0
3080,20141030,0
3081,20141031,0.3818
3082,20141103,0
3083,20141104,0
3084,20141105,0
3085,20141106,-0.6705
3086,20141107,-0.7579
3087,20141110,0
3088,20141111,-0.0665333333333333
3089,20141112,0
3090,20141113,0
3091,20141114,0
3092,20141117,0
3093,20141118,0
3094,20141119,0
3095,20141120,0
3096,20141121,0.0644
3097,20141124,0
3098,20141125,0
3099,20141126,0
3100,20141128,0
3101,20141201,0
3102,20141202,0
3103,20141203,0.2003
3104,20141204,0
3105,20141205,0
3106,20141208,0
3107,20141209,0
3108,20141210,0
3109,20141211,0
3110,20141212,-0.26335
3111,20141215,0
3112,20141216,0
3113,20141217,0
3114,20141218,0
3115,20141219,0
3116,20141222,0.765
3117,20141223,0
3118,20141224,0
3119,20141226,0
3120,20141229,0
3121,20141230,0
3122,20141231,0
3123,20150102,0
3124,20150105,0
3125,20150106,0
3126,20150107,0
3127,20150108,0
3128,20150109,0
3129,20150112,0
3130,20150113,0
3131,20150114,0
3132,20150115,0
3133,20150116,0
3134,20150120,0
3135,20150121,0
3136,20150122,0
3137,20150123,0
3138,20150126,0
3139,20150127,0
3140,20150128,0
3141,20150129,0
3142,20150130,0
3143,20150202,0
3144,20150203,0
3145,20150204,0
3146,20150205,0
3147,20150206,0
3148,20150209,-0.1406
3149,20150210,0.0258
3150,20150211,0
3151,20150212,0
3152,20150213,0
3153,20150217,0
3154,20150218,0.3528
3155,20150219,0
3156,20150220,0
3157,20150223,0.0258
3158,20150224,0
3159,20150225,0
3160,20150226,0
3161,20150227,0
3162,20150302,-0.0374
3163,20150303,0
3164,20150304,0
3165,20150305,0
3166,20150306,0
3167,20150309,0
3168,20150310,0
3169,20150311,0
3170,20150312,0
3171,20150313,0
3172,20150316,0
3173,20150317,0
3174,20150318,0
3175,20150319,0.125
3176,20150320,0
3177,20150323,0
3178,20150324,0
3179,20150325,0
3180,20150326,0
3181,20150327,0
3182,20150330,0
3183,20150331,0.125
3184,20150401,0
3185,20150402,0
3186,20150406,0
3187,20150407,0
3188,20150408,0
3189,20150409,0
3190,20150410,0
3191,20150413,0
3192,20150414,0
3193,20150415,0
3194,20150416,0
3195,20150417,0
3196,20150420,0
3197,20150421,0
3198,20150422,0.064
3199,20150423,0
3200,20150424,0
3201,20150427,0
3202,20150428,0
3203,20150429,0
3204,20150430,0
3205,20150501,0
3206,20150504,0
3207,20150505,0
3208,20150506,0
3209,20150507,0
3210,20150508,-0.5267
3211,20150511,0
3212,20150512,0
3213,20150513,0
3214,20150514,0
3215,20150515,-0.20095
3216,20150518,0
3217,20150519,0
3218,20150520,0
3219,20150521,0
3220,20150522,0
3221,20150526,0
3222,20150527,0.6369
3223,20150528,0
3224,20150529,0
3225,20150601,0
3226,20150602,-0.296
3227,20150603,0
3228,20150604,0
3229,20150605,0
3230,20150608,0
3231,20150609,0
3232,20150610,0
3233,20150611,0.4574
3234,20150612,0
3235,20150615,0.1806
3236,20150616,0
3237,20150617,0
3238,20150618,0.3612
3239,20150619,0
3240,20150622,0
3241,20150623,0
3242,20150624,0
3243,20150625,0
3244,20150626,0
3245,20150629,0
3246,20150630,0
3247,20150701,0
3248,20150702,0
3249,20150706,0
3250,20150707,-0.1806
3251,20150708,0
3252,20150709,0.4939
3253,20150710,0
3254,20150713,0.8016
3255,20150714,0
3256,20150715,0
3257,20150716,0
3258,20150717,0
3259,20150720,0
3260,20150721,0
3261,20150722,0
3262,20150723,0
3263,20150724,0
3264,20150727,0
3265,20150728,0
3266,20150729,0
3267,20150730,0
3268,20150731,0
3269,20150803,0
3270,20150804,0.4939
3271,20150805,0
3272,20150806,0
3273,20150807,0
3274,20150810,0
3275,20150811,0
3276,20150812,0
3277,20150813,0
3278,20150814,0
3279,20150817,0
3280,20150818,0
3281,20150819,0
3282,20150820,0
3283,20150821,0
3284,20150824,0
3285,20150825,0
3286,20150826,0
3287,20150827,0
3288,20150828,0
3289,20150831,0.31245
3290,20150901,0
3291,20150902,0
3292,20150903,0
3293,20150904,0
3294,20150908,-0.133966666666666
3295,20150909,0
3296,20150910,0
3297,20150911,0
3298,20150914,0
3299,20150915,0.4404
3300,20150916,0
3301,20150917,0
3302,20150918,0
3303,20150921,0
3304,20150922,0
3305,20150923,0
3306,20150924,0
3307,20150925,0
3308,20150928,0.765
3309,20150929,0.0258
3310,20150930,0.2202
3311,20151001,0.07655
3312,20151002,0
3313,20151005,0
3314,20151006,0
3315,20151007,0
3316,20151008,0
3317,20151009,0
3318,20151012,0
3319,20151013,0
3320,20151014,0
3321,20151015,0.2023
3322,20151016,0
3323,20151019,-0.216199999999999
3324,20151020,0
3325,20151021,0
3326,20151022,0.4767
3327,20151023,0
3328,20151026,0
3329,20151027,0
3330,20151028,-0.164633333333333
3331,20151029,0
3332,20151030,0
3333,20151102,0
3334,20151103,0
3335,20151104,0
3336,20151105,0
3337,20151106,0
3338,20151109,0
3339,20151110,0
3340,20151111,0
3341,20151112,0
3342,20151113,0.2732
3343,20151116,0
3344,20151117,0
3345,20151118,0
3346,20151119,0
3347,20151120,0
3348,20151123,0
3349,20151124,0
3350,20151125,0
3351,20151127,0
3352,20151130,0.7184
3353,20151201,0
3354,20151202,0.26335
3355,20151203,0
3356,20151204,0
3357,20151207,0
3358,20151208,0
3359,20151209,0
3360,20151210,0
3361,20151211,0
3362,20151214,0
3363,20151215,0
3364,20151216,0
3365,20151217,0
3366,20151218,0
3367,20151221,0
3368,20151222,0
3369,20151223,0
3370,20151224,0
3371,20151228,0
3372,20151229,-0.1366
3373,20151230,0
3374,20151231,0
3375,20160104,0
3376,20160105,0
3377,20160106,-0.1858
3378,20160107,0
3379,20160108,0
3380,20160111,0
3381,20160112,0
3382,20160113,0
3383,20160114,0
3384,20160115,0
3385,20160119,0
3386,20160120,0
3387,20160121,0
3388,20160122,0
3389,20160125,0
3390,20160126,0
3391,20160127,0
3392,20160128,0
3393,20160129,0
3394,20160201,0
3395,20160202,0
3396,20160203,0.07955
3397,20160204,0
3398,20160205,0
3399,20160208,0
3400,20160209,0.6369
3401,20160210,0
3402,20160211,0
3403,20160212,0
3404,20160216,0
3405,20160217,0
3406,20160218,0
3407,20160219,0
3408,20160222,-0.5574
3409,20160223,0
3410,20160224,0
3411,20160225,0
3412,20160226,0
3413,20160229,0
3414,20160301,0
3415,20160302,0
3416,20160303,0
3417,20160304,0
3418,20160307,0
3419,20160308,0
3420,20160309,0
3421,20160310,0
3422,20160311,0.49135
3423,20160314,0.4215
3424,20160315,0
3425,20160316,0
3426,20160317,0.0910666666666666
3427,20160318,0
3428,20160321,0
3429,20160322,0
3430,20160323,0
3431,20160324,0
3432,20160328,0
3433,20160329,0
3434,20160330,0
3435,20160331,0
3436,20160401,0
3437,20160404,0
3438,20160405,0
3439,20160406,0
3440,20160407,0
3441,20160408,0
3442,20160411,0
3443,20160412,0
3444,20160413,0
3445,20160414,-0.5574
3446,20160415,-0.21075
3447,20160418,0
3448,20160419,0
3449,20160420,0.5574
3450,20160421,-0.00569999999999999
3451,20160422,0
3452,20160425,0
3453,20160426,0.0386
3454,20160427,0
3455,20160428,0
3456,20160429,0
3457,20160502,0.4939
3458,20160503,0
3459,20160504,0
3460,20160505,0
3461,20160506,0
3462,20160509,0.3818
3463,20160510,0
3464,20160511,-0.2732
3465,20160512,0
3466,20160513,0
3467,20160516,-0.4215
3468,20160517,0
3469,20160518,0
3470,20160519,0
3471,20160520,0
3472,20160523,0
3473,20160524,0
3474,20160525,0.34
3475,20160526,0
3476,20160527,0
3477,20160531,0.3818
3478,20160601,-0.34
3479,20160602,0
3480,20160603,0
3481,20160606,0.4939
3482,20160607,0
3483,20160608,0
3484,20160609,0
3485,20160610,0
3486,20160613,0
3487,20160614,-0.4995
3488,20160615,0
3489,20160616,0
3490,20160617,0
3491,20160620,0
3492,20160621,0
3493,20160622,0
3494,20160623,0
3495,20160624,0
3496,20160627,0
3497,20160628,-0.2787
3498,20160629,0.6249
3499,20160630,0
3500,20160701,0
3501,20160705,0
3502,20160706,0
3503,20160707,0
3504,20160708,0.6369
3505,20160711,0
3506,20160712,0
3507,20160713,0
3508,20160714,0
3509,20160715,0
3510,20160718,0
3511,20160719,-0.17
3512,20160720,0
3513,20160721,0.4019
3514,20160722,0
3515,20160725,0
3516,20160726,0
3517,20160727,0
3518,20160728,0
3519,20160729,-0.23565
3520,20160801,0
3521,20160802,0
3522,20160803,-0.5423
3523,20160804,0
3524,20160805,0
3525,20160808,0
3526,20160809,0
3527,20160810,0
3528,20160811,0
3529,20160812,0
3530,20160815,0
3531,20160816,0
3532,20160817,0
3533,20160818,0
3534,20160819,-0.3454
3535,20160822,0
3536,20160823,0
3537,20160824,0
3538,20160825,0
3539,20160826,-0.3182
3540,20160829,0
3541,20160830,0.5106
3542,20160831,0
3543,20160901,0
3544,20160902,0
3545,20160906,0.36755
3546,20160907,0
3547,20160908,0
3548,20160909,0
3549,20160912,0
3550,20160913,0
3551,20160914,0
3552,20160915,0
3553,20160916,0
3554,20160919,0
3555,20160920,0
3556,20160921,0
3557,20160922,-0.2202
3558,20160923,0
3559,20160926,0
3560,20160927,0
3561,20160928,0
3562,20160929,0
3563,20160930,0
3564,20161003,-0.1591
3565,20161004,0
3566,20161005,0
3567,20161006,-0.24695
3568,20161007,0
3569,20161010,0.4939
3570,20161011,0.2294
3571,20161012,0.0516
3572,20161013,0
3573,20161014,0.17
3574,20161017,0
3575,20161018,0
3576,20161019,0
3577,20161020,0
3578,20161021,0
3579,20161024,0
3580,20161025,0
3581,20161026,0
3582,20161027,0
3583,20161028,0
3584,20161031,0.1806
3585,20161101,0
3586,20161102,-0.0658999999999999
3587,20161103,0
3588,20161104,0
3589,20161107,-0.1531
3590,20161108,0
3591,20161109,0
3592,20161110,-0.07655
3593,20161111,-0.26335
3594,20161114,0
3595,20161115,0
3596,20161116,0
3597,20161117,0
3598,20161118,0
3599,20161121,0
3600,20161122,0
3601,20161123,0
3602,20161125,0
3603,20161128,0
3604,20161129,-0.296
3605,20161130,0
3606,20161201,0
3607,20161202,0
3608,20161205,0
3609,20161206,0
3610,20161207,0
3611,20161208,0
3612,20161209,0
3613,20161212,0
3614,20161213,0.190633333333333
3615,20161214,0
3616,20161215,0
3617,20161216,0.3182
3618,20161219,0
3619,20161220,0
3620,20161221,0
3621,20161222,0
3622,20161223,0
3623,20161227,0
3624,20161228,0
3625,20161229,0
3626,20161230,0
3627,20170103,0.16985
3628,20170104,0
3629,20170105,0
3630,20170106,0
3631,20170109,0
3632,20170110,0
3633,20170111,0.28595
3634,20170112,0
3635,20170113,0
3636,20170117,0
3637,20170118,0
3638,20170119,-0.21075
3639,20170120,0
3640,20170123,0
3641,20170124,-0.140499999999999
3642,20170125,0
3643,20170126,0
3644,20170127,0
3645,20170130,0
3646,20170131,0
3647,20170201,0
3648,20170202,-0.0754333333333333
3649,20170203,0
3650,20170206,0
3651,20170207,-0.157333333333333
3652,20170208,-0.0377833333333333
3653,20170209,0
3654,20170210,0
3655,20170213,-0.113333333333333
3656,20170214,0.34
3657,20170215,0
3658,20170216,0
3659,20170217,0
3660,20170221,0
3661,20170222,0
3662,20170223,0
3663,20170224,0.5267
3664,20170227,-0.3182
3665,20170228,0
3666,20170301,0
3667,20170302,0.05938
3668,20170303,0
3669,20170306,0
3670,20170307,0
3671,20170308,0
3672,20170309,-0.113333333333333
3673,20170310,0
3674,20170313,0
3675,20170314,0
3676,20170315,0
3677,20170316,0
3678,20170317,0
3679,20170320,0
3680,20170321,0.6369
3681,20170322,-0.2202
3682,20170323,0
3683,20170324,0
3684,20170327,0
3685,20170328,0
3686,20170329,0.08895
3687,20170330,0
3688,20170331,0
3689,20170403,0
3690,20170404,0
3691,20170405,0
3692,20170406,0
3693,20170407,0
3694,20170410,0
3695,20170411,0
3696,20170412,0
3697,20170413,0
3698,20170417,0
3699,20170418,0.0426666666666666
3700,20170419,0
3701,20170420,0
3702,20170421,0
3703,20170424,0
3704,20170425,0
3705,20170426,0
3706,20170427,0
3707,20170428,0
3708,20170501,0
3709,20170502,-0.3612
3710,20170503,0
3711,20170504,0
3712,20170505,0
3713,20170508,0
3714,20170509,0.00724999999999997
3715,20170510,0
3716,20170511,0
3717,20170512,0
3718,20170515,0
3719,20170516,0.26335
3720,20170517,0.290666666666666
3721,20170518,0
3722,20170519,0
3723,20170522,0
3724,20170523,0
3725,20170524,0
3726,20170525,0.064
3727,20170526,0
3728,20170530,0
3729,20170531,0
3730,20170601,0
3731,20170602,0
3732,20170605,0
3733,20170606,0
3734,20170607,0.34
3735,20170608,0
3736,20170609,0
3737,20170612,0
3738,20170613,0
3739,20170614,0
3740,20170615,0
3741,20170616,0
3742,20170619,0
3743,20170620,-0.6249
3744,20170621,0
3745,20170622,0
3746,20170623,0
3747,20170626,0
3748,20170627,0
3749,20170628,0.113333333333333
3750,20170629,-0.34
3751,20170630,0
3752,20170703,0
3753,20170705,0
3754,20170706,0
3755,20170707,0
3756,20170710,-0.0257333333333333
3757,20170711,0
3758,20170712,0
3759,20170713,0
3760,20170714,0
3761,20170717,0
3762,20170718,0.0674333333333333
3763,20170719,0.190633333333333
3764,20170720,0.0129
3765,20170721,0
3766,20170724,-0.118475
3767,20170725,0
3768,20170726,0.2817
3769,20170727,0
3770,20170728,0
3771,20170731,0
3772,20170801,0.07655
3773,20170802,0.0674333333333333
3774,20170803,0.20095
3775,20170804,0
3776,20170807,0
3777,20170808,0
3778,20170809,0
3779,20170810,0
3780,20170811,0
3781,20170814,0
3782,20170815,0.3612
3783,20170816,0
3784,20170817,0
3785,20170818,0
3786,20170821,0
3787,20170822,0
3788,20170823,0
3789,20170824,0
3790,20170825,0
3791,20170828,-0.21965
3792,20170829,0
3793,20170830,-0.1998
3794,20170831,0
3795,20170901,0.333766666666666
3796,20170905,0
3797,20170906,-0.5719
3798,20170907,0
3799,20170908,-0.29162
3800,20170911,-0.09878
3801,20170912,0.19685
3802,20170913,-0.31245
3803,20170914,0
3804,20170915,0
3805,20170918,0
3806,20170919,0
3807,20170920,0
3808,20170921,0
3809,20170922,0
3810,20170925,0
3811,20170926,0
3812,20170927,0.23835
3813,20170928,0
3814,20170929,0
3815,20171002,0
3816,20171003,0
3817,20171004,0.032
3818,20171005,0.38915
3819,20171006,0
3820,20171009,0
3821,20171010,0
3822,20171011,0
3823,20171012,0.2997
3824,20171013,0
3825,20171016,0
3826,20171017,-0.164633333333333
3827,20171018,0
3828,20171019,-0.0669833333333333
3829,20171020,0
3830,20171023,0.125
3831,20171024,0.4019
3832,20171025,0
3833,20171026,0.064
3834,20171027,-0.106066666666666
3835,20171030,0
3836,20171031,0
3837,20171101,0
3838,20171102,0.21075
3839,20171103,0.8555
3840,20171106,0
3841,20171107,0.0788
3842,20171108,0
3843,20171109,0.164633333333333
3844,20171110,0
3845,20171113,0
3846,20171114,0
3847,20171115,0
3848,20171116,0
3849,20171117,0
3850,20171120,0
3851,20171121,0
3852,20171122,-0.03
3853,20171124,0
3854,20171127,-0.1204
3855,20171128,0.142975
3856,20171129,0
3857,20171130,0
3858,20171201,0
3859,20171204,0
3860,20171205,0
3861,20171206,0
3862,20171207,0
3863,20171208,0
3864,20171211,0
3865,20171212,0
3866,20171213,0
3867,20171214,0
3868,20171215,0.416
3869,20171218,-0.074
3870,20171219,0
3871,20171220,0
3872,20171221,0.07655
3873,20171222,0
3874,20171226,0
3875,20171227,-0.125571428571428
3876,20171228,0.0530333333333333
3877,20171229,0
3878,20180102,0.0833333333333333
3879,20180103,0
3880,20180104,0
3881,20180105,0
3882,20180108,0
3883,20180109,0
3884,20180110,0
3885,20180111,0
3886,20180112,0
3887,20180116,0
3888,20180117,0
3889,20180118,0
3890,20180119,0
3891,20180122,0
3892,20180123,0
3893,20180124,0
3894,20180125,0
3895,20180126,0.13935
3896,20180129,-0.175566666666666
3897,20180130,0
3898,20180131,0.0379
3899,20180201,0.2023
3900,20180202,0
3901,20180205,0.12972
3902,20180206,0
3903,20180207,0.0182857142857142
3904,20180208,0
3905,20180209,-0.140499999999999
3906,20180212,0
3907,20180213,0
3908,20180214,-0.2787
3909,20180215,0
3910,20180216,0
3911,20180220,0
3912,20180221,0
3913,20180222,0
3914,20180223,0
3915,20180226,0.17106
3916,20180227,0.1806
3917,20180228,0
3918,20180301,0
3919,20180302,0.117157142857142
3920,20180305,0.267766666666666
3921,20180306,0
3922,20180307,0
3923,20180308,0
3924,20180309,0
3925,20180312,0
3926,20180313,-0.00745000000000001
3927,20180314,0
3928,20180315,0
3929,20180316,0.31845
3930,20180319,0.6369
3931,20180320,0.33514
3932,20180321,0.2948
3933,20180322,0
3934,20180323,0.108266666666666
3935,20180326,0.6369
3936,20180327,0.159225
3937,20180328,0
3938,20180329,0.35874
3939,20180402,-0.1366
3940,20180403,0
3941,20180404,0
3942,20180405,-0.050575
3943,20180406,0
3944,20180409,-0.8176
3945,20180410,0
3946,20180411,0
3947,20180412,-0.08808
3948,20180413,0.0728285714285714
3949,20180416,0
3950,20180417,-0.1486
3951,20180418,0
3952,20180419,0
3953,20180420,0.0909857142857143
3954,20180423,0.068
3955,20180424,0.060225
3956,20180425,0
3957,20180426,0
3958,20180427,0
3959,20180430,0
3960,20180501,0
3961,20180502,0.0602142857142857
3962,20180503,0.0545428571428571
3963,20180504,-0.0328888888888888
3964,20180507,0
3965,20180508,0
3966,20180509,0
3967,20180510,0
3968,20180511,0.0246555555555555
3969,20180514,0.08224
3970,20180515,-0.00205714285714286
3971,20180516,-0.05994
3972,20180517,0.053875
3973,20180518,0
3974,20180521,0
3975,20180522,0
3976,20180523,0
3977,20180524,0
3978,20180525,0
3979,20180529,0.0416666666666666
3980,20180530,0.0591999999999999
3981,20180531,0.0856875
3982,20180601,0
3983,20180604,0
3984,20180605,0.0681333333333333
3985,20180606,0.335825
3986,20180607,0
3987,20180608,0
3988,20180611,0
3989,20180612,0
3990,20180613,0
3991,20180614,0
3992,20180615,0.03178
3993,20180618,0
3994,20180619,0
3995,20180620,0
3996,20180621,0.07636
3997,20180622,0.0602
3998,20180625,0.0681
3999,20180626,0.0892714285714285
4000,20180627,0
4001,20180628,0
4002,20180629,0.03818
4003,20180702,0.06025
4004,20180703,0.2576
4005,20180705,0
4006,20180706,0.09545
4007,20180709,0
4008,20180710,-0.0948222222222222
4009,20180711,-0.0425
4010,20180712,-0.02732
4011,20180713,0
4012,20180716,0.0655428571428571
4013,20180717,-0.0999
4014,20180718,0
4015,20180719,0.0122571428571428
4016,20180720,0.0309090909090909
4017,20180723,0
4018,20180724,0
4019,20180725,0.0926555555555555
4020,20180726,0
4021,20180727,0
4022,20180730,0.0170111111111111
4023,20180731,0.119175
4024,20180801,0
4025,20180802,0
4026,20180803,0
4027,20180806,0.0403222222222222
4028,20180807,0.0585222222222222
4029,20180808,0.15415
4030,20180809,0.0151285714285714
4031,20180810,0.0864545454545454
4032,20180813,0.07224
4033,20180814,0
4034,20180815,0.02732
4035,20180816,0.0597899999999999
4036,20180817,0
4037,20180820,0
4038,20180821,0.0823166666666666
4039,20180822,0.0355333333333333
4040,20180823,0.102766666666666
4041,20180824,0
4042,20180827,0.0218714285714285
4043,20180828,0.00592
4044,20180829,0
4045,20180830,0
4046,20180831,0
4047,20180904,0.0996416666666666
4048,20180905,0.0516374999999999
4049,20180906,0.0574142857142857
4050,20180907,0.0656181818181818
4051,20180910,-0.05574
4052,20180911,-0.0269090909090909
4053,20180912,0.0752428571428571
4054,20180913,-0.0126083333333333
4055,20180914,-0.02732
4056,20180917,-0.136266666666666
4057,20180918,0.00724444444444444
4058,20180919,0.01779
4059,20180920,0.0997
4060,20180921,0
