,datadate,sentiment
0,20080102,0
1,20080103,0
2,20080104,0
3,20080107,0
4,20080108,0
5,20080109,0
6,20080110,0
7,20080111,0
8,20080114,0
9,20080115,0
10,20080116,0
11,20080117,0
12,20080118,0
13,20080122,0
14,20080123,0
15,20080124,0
16,20080125,0
17,20080128,0
18,20080129,0
19,20080130,0
20,20080131,0
21,20080201,0
22,20080204,0
23,20080205,0
24,20080206,0
25,20080207,0
26,20080208,0
27,20080211,0
28,20080212,0
29,20080213,0
30,20080214,0
31,20080215,0
32,20080219,0
33,20080220,0
34,20080221,0
35,20080222,0
36,20080225,0
37,20080226,0
38,20080227,0
39,20080228,0
40,20080229,0
41,20080303,0
42,20080304,0
43,20080305,0
44,20080306,0
45,20080307,0
46,20080310,0
47,20080311,0
48,20080312,0
49,20080313,0.3612
50,20080314,0
51,20080317,0
52,20080318,0
53,20080319,0
54,20080320,0
55,20080324,0
56,20080325,0
57,20080326,0
58,20080327,0
59,20080328,0
60,20080331,0
61,20080401,0
62,20080402,0
63,20080403,0
64,20080404,0
65,20080407,0
66,20080408,0
67,20080409,0
68,20080410,0
69,20080411,0
70,20080414,0
71,20080415,0
72,20080416,0
73,20080417,0
74,20080418,0
75,20080421,0
76,20080422,0
77,20080423,0
78,20080424,0
79,20080425,0
80,20080428,0
81,20080429,0
82,20080430,0
83,20080501,0
84,20080502,0
85,20080505,0
86,20080506,0
87,20080507,0
88,20080508,0
89,20080509,0
90,20080512,0
91,20080513,0
92,20080514,0
93,20080515,0
94,20080516,0
95,20080519,0
96,20080520,0
97,20080521,0
98,20080522,0
99,20080523,0
100,20080527,0
101,20080528,0
102,20080529,0
103,20080530,0
104,20080602,0
105,20080603,0
106,20080604,0
107,20080605,0
108,20080606,0
109,20080609,0
110,20080610,0
111,20080611,0
112,20080612,0.20095
113,20080613,0
114,20080616,0
115,20080617,-0.02278571428571428
116,20080618,0
117,20080619,0
118,20080620,0
119,20080623,0
120,20080624,0
121,20080625,0
122,20080626,0.02063333333333332
123,20080627,0
124,20080630,0
125,20080701,0
126,20080702,0
127,20080703,0.0
128,20080707,0
129,20080708,0
130,20080709,0.6242
131,20080710,0
132,20080711,0.0
133,20080714,0
134,20080715,0.125
135,20080716,0
136,20080717,0
137,20080718,-0.5171
138,20080721,0
139,20080722,0.0
140,20080723,0
141,20080724,0
142,20080725,0
143,20080728,0
144,20080729,0
145,20080730,0
146,20080731,0
147,20080801,0
148,20080804,0
149,20080805,0
150,20080806,0
151,20080807,-0.4767
152,20080808,0
153,20080811,0
154,20080812,0.0
155,20080813,0.0
156,20080814,-0.125
157,20080815,0.0
158,20080818,0.29295
159,20080819,-0.09866666666666667
160,20080820,0.007470000000000004
161,20080821,0.037
162,20080822,0.064
163,20080825,0
164,20080826,0
165,20080827,0.0
166,20080828,0
167,20080829,0
168,20080902,0.4215
169,20080903,0
170,20080904,0
171,20080905,0
172,20080908,-0.24423333333333333
173,20080909,0.2697
174,20080910,0
175,20080911,0.1468
176,20080912,0.16257142857142856
177,20080915,-0.508
178,20080916,0.08755294117647058
179,20080917,0.22289310344827584
180,20080918,0.02276538461538463
181,20080919,0.1042125
182,20080922,-0.007231999999999985
183,20080923,0.03640499999999999
184,20080924,0.240304347826087
185,20080925,0.31245
186,20080926,-0.07306
187,20080929,0.06278666666666666
188,20080930,0.279125
189,20081001,0
190,20081002,0.20498
191,20081003,0.1292333333333333
192,20081006,0.03390000000000001
193,20081007,-0.04832499999999999
194,20081008,-0.0256
195,20081009,0.0965714285714286
196,20081010,0.025226086956521742
197,20081013,0.12141875
198,20081014,0.19630625000000002
199,20081015,-0.02431818181818183
200,20081016,0.008266666666666663
201,20081017,0.3454
202,20081020,0.3548
203,20081021,-0.06323333333333332
204,20081022,0.15624999999999997
205,20081023,-0.11233636363636364
206,20081024,0.2521333333333333
207,20081027,-0.25576999999999994
208,20081028,-0.08658709677419356
209,20081029,0.004725000000000007
210,20081030,0.0
211,20081031,0.09284615384615383
212,20081103,0.023750000000000007
213,20081104,0.1350941176470588
214,20081105,0.36525714285714284
215,20081106,0.14375882352941174
216,20081107,-0.025169999999999998
217,20081110,-0.0761
218,20081111,0.03716315789473684
219,20081112,-0.07522272727272727
220,20081113,0.06206666666666669
221,20081114,0.0639
222,20081117,0.17808421052631576
223,20081118,0.15459090909090906
224,20081119,0.15415
225,20081120,0.10368947368421053
226,20081121,-0.08219000000000001
227,20081124,0.009699999999999999
228,20081125,0.03033076923076923
229,20081126,-0.20095
230,20081128,0.3612
231,20081201,0.01956250000000001
232,20081202,0.03424999999999999
233,20081203,0.17492272727272729
234,20081204,-0.01389999999999999
235,20081205,0.11159999999999999
236,20081208,0.24695555555555554
237,20081209,0
238,20081210,0.15497777777777777
239,20081211,0.17705714285714289
240,20081212,0.15986153846153847
241,20081215,-0.01964374999999999
242,20081216,0.7717
243,20081217,0.15600714285714284
244,20081218,0.2162909090909091
245,20081219,0.16496666666666668
246,20081222,0.17766666666666667
247,20081223,0.0
248,20081224,0.09469999999999999
249,20081226,0.20215
250,20081229,0.12726666666666667
251,20081230,0.1757
252,20081231,0.24795
253,20090102,0.20185454545454543
254,20090105,0.22439999999999996
255,20090106,-0.023410526315789475
256,20090107,0.2686
257,20090108,0.055850000000000004
258,20090109,0.24866000000000002
259,20090112,-0.11511999999999997
260,20090113,-0.003850000000000009
261,20090114,0.15696249999999998
262,20090115,0.09198461538461539
263,20090116,-0.2057
264,20090120,0.006566666666666665
265,20090121,0.17582
266,20090122,-0.5334
267,20090123,-0.12807894736842104
268,20090126,-0.01640909090909091
269,20090127,0.296
270,20090128,-0.0258
271,20090129,0.0
272,20090130,0.2290090909090909
273,20090202,0.05077857142857143
274,20090203,-0.0008499999999999952
275,20090204,0.18157000000000004
276,20090205,0.010435999999999996
277,20090206,-0.1706
278,20090209,-0.040331578947368434
279,20090210,0.016341176470588234
280,20090211,-0.019014285714285706
281,20090212,0.029168181818181815
282,20090213,0.07188888888888889
283,20090217,-0.18354285714285715
284,20090218,-0.004213043478260874
285,20090219,-0.23835
286,20090220,0.09039772727272725
287,20090223,0.08181764705882352
288,20090224,0.10635526315789472
289,20090225,0.06432500000000003
290,20090226,-0.14721666666666666
291,20090227,0.12095454545454545
292,20090302,0.04995199999999999
293,20090303,0.027708333333333335
294,20090304,0.11865
295,20090305,0.079809375
296,20090306,0.07215714285714288
297,20090309,-3.607076841827304e-05
298,20090310,0.1342878787878788
299,20090311,0.10269999999999997
300,20090312,0.1195
301,20090313,0.0
302,20090316,-0.2079
303,20090317,-0.1027
304,20090318,-0.4215
305,20090319,0.024228571428571436
306,20090320,0.08266060606060607
307,20090323,0.16284615384615383
308,20090324,-0.1531
309,20090325,-0.6249
310,20090326,0.0
311,20090327,-0.4202916666666667
312,20090330,-0.5267
313,20090331,-0.1531
314,20090401,0.07060833333333334
315,20090402,-0.0011399999999999965
316,20090403,0.1377793103448276
317,20090406,0.07036
318,20090407,0.4215
319,20090408,0.08622692307692305
320,20090409,0.08415
321,20090413,0.0
322,20090414,0.43884285714285715
323,20090415,-0.048324999999999986
324,20090416,0.0
325,20090417,-0.18553999999999998
326,20090420,0.31253333333333333
327,20090421,0.0
328,20090422,-0.048283333333333345
329,20090423,0.0
330,20090424,-0.31872500000000004
331,20090427,1.2489802577908305e-05
332,20090428,0.0
333,20090429,0.0
334,20090430,0.17175
335,20090501,-0.005936153846153846
336,20090504,-0.23653333333333335
337,20090505,-0.1594
338,20090506,-0.42021250000000004
339,20090507,0.6588
340,20090508,0.27527999999999997
341,20090511,-0.2324
342,20090512,0.07671999999999998
343,20090513,0.0
344,20090514,-0.4648
345,20090515,-0.32428106508875737
346,20090518,0.0
347,20090519,0.3709833333333333
348,20090520,-0.21056
349,20090521,0
350,20090522,-0.3612
351,20090526,-0.31185
352,20090527,0.052697727272727264
353,20090528,-0.038760606060606065
354,20090529,-0.1517
355,20090601,0.0037242424242424346
356,20090602,0
357,20090603,-0.4763957528314457
358,20090604,0.005299999999999999
359,20090605,0.3612
360,20090608,0.0
361,20090609,-0.4764834776815457
362,20090610,0.06641739130434782
363,20090611,-0.47670000000000007
364,20090612,-0.47670000000000007
365,20090615,-0.47637475728155343
366,20090616,-0.4767
367,20090617,-0.46827111984282904
368,20090618,-0.47663106459569365
369,20090619,-0.6114875124875125
370,20090622,-0.5574
371,20090623,-0.20230000000000004
372,20090624,0.5858997658283677
373,20090625,-0.09426279069767442
374,20090626,0.08036
375,20090629,0.49954
376,20090630,0
377,20090701,-0.4767
378,20090702,0.7506
379,20090706,-0.237675
380,20090707,-0.737825
381,20090708,0.27090000000000003
382,20090709,0.0
383,20090710,-0.1909
384,20090713,0.2871111111111111
385,20090714,0
386,20090715,0.5000249999999999
387,20090716,0.252
388,20090717,0
389,20090720,0.24284
390,20090721,-4.225129145142476e-05
391,20090722,0.0
392,20090723,0.5256
393,20090724,0.45930000000000004
394,20090727,-2.8077996750135414e-05
395,20090728,0.128
396,20090729,0.07478888888888892
397,20090730,0.0387
398,20090731,-0.00016418269230769232
399,20090803,0.0
400,20090804,-0.8591
401,20090805,0.38637499999999997
402,20090806,-0.07755000000000001
403,20090807,0.089675
404,20090810,-0.060975
405,20090811,-0.20095
406,20090812,-0.128
407,20090813,0.6249
408,20090814,-1.2222507928344904e-05
409,20090817,0.0
410,20090818,0.54495
411,20090819,0.011872499999999994
412,20090820,0.0
413,20090821,-0.18462222222222222
414,20090824,-0.1858
415,20090825,2.695353115252339e-05
416,20090826,0.03874871794871795
417,20090827,0.0
418,20090828,2.682864558954938e-06
419,20090831,6.9777072958859e-06
420,20090901,-0.00017797065251326882
421,20090902,0.12038947368421056
422,20090903,0.0
423,20090904,0.49079999999999996
424,20090908,0.10728571428571428
425,20090909,-0.114
426,20090910,0.0
427,20090911,0.40352
428,20090914,0.0
429,20090915,1.5791812475698497e-05
430,20090916,0.0
431,20090917,0.13285882352941175
432,20090918,0.07153333333333335
433,20090921,0.0
434,20090922,0.0
435,20090923,-0.5267
436,20090924,-0.8316
437,20090925,0.009325
438,20090928,0.0
439,20090929,0.0
440,20090930,-0.2936
441,20091001,0.1101942857142857
442,20091002,0.0
443,20091005,0.4585
444,20091006,-0.5994
445,20091007,0.2732
446,20091008,0.148
447,20091009,0.06141875
448,20091012,-0.08333333333333333
449,20091013,-0.105025
450,20091014,0.2553
451,20091015,0.009579999999999998
452,20091016,0.0
453,20091019,0.0
454,20091020,0.1511
455,20091021,-0.10606666666666666
456,20091022,0.15696000000000002
457,20091023,-0.6597
458,20091026,-1.861361096406094e-05
459,20091027,-0.4939
460,20091028,0.215475
461,20091029,-0.3439
462,20091030,-0.1992285714285714
463,20091102,-0.027166666666666655
464,20091103,-0.03713414634146343
465,20091104,0.0
466,20091105,0.49
467,20091106,-2.4087989334626112e-06
468,20091109,0
469,20091110,0.17
470,20091111,0.0
471,20091112,0.06723571428571427
472,20091113,0.321925
473,20091116,0.04046
474,20091117,-0.00032600542572937984
475,20091118,-0.0002703566509949186
476,20091119,0.001407142857142858
477,20091120,-0.09326
478,20091123,-0.7404
479,20091124,0.15282307692307692
480,20091125,0.383188
481,20091127,0.1302
482,20091130,0.03343846153846154
483,20091201,-0.023086956521739137
484,20091202,0.3492105263157894
485,20091203,0.2763625
486,20091204,0.5598587155963304
487,20091207,0.0
488,20091208,0.2294659090909091
489,20091209,0.05177857142857143
490,20091210,-0.03481621621621621
491,20091211,0.36158666666666667
492,20091214,0.13924999999999998
493,20091215,0.36842499999999995
494,20091216,0.000902241035856574
495,20091217,-0.6211083333333334
496,20091218,0.007356521739130434
497,20091221,0.01780000000000001
498,20091222,0.10476923076923075
499,20091223,0.296
500,20091224,0.35007090909090904
501,20091228,-0.19221304347826085
502,20091229,0.2023
503,20091230,-0.4545353982300885
504,20091231,0.14578333333333335
505,20100104,0.3129
506,20100105,-0.2150878260869565
507,20100106,0.1652385964912281
508,20100107,0.0
509,20100108,0.34255434782608696
510,20100111,-0.14104054054054052
511,20100112,0.05252758620689656
512,20100113,0.004242372881355905
513,20100114,0.003020588235294118
514,20100115,0.17081666666666667
515,20100119,0.0
516,20100120,0.2994823529411764
517,20100121,0.34373519553072623
518,20100122,-0.11494943820224718
519,20100125,-0.06370967741935483
520,20100126,0.14203066666666667
521,20100127,-0.06732275449101799
522,20100128,0.23903043478260866
523,20100129,0.12635121951219513
524,20100201,0.18596075949367089
525,20100202,0.0
526,20100203,0.48895
527,20100204,0.0473
528,20100205,0.3974943396226414
529,20100208,-0.2491909090909091
530,20100209,0.2597913043478261
531,20100210,-0.05147407407407408
532,20100211,0.45685652173913044
533,20100212,0.010877540106951869
534,20100216,-0.06369661016949152
535,20100217,-0.016487500000000006
536,20100218,0.09491764705882352
537,20100219,0.38348205128205126
538,20100222,-0.017156521739130456
539,20100223,0.010403846153846161
540,20100224,-0.10032564102564102
541,20100225,-0.21476923076923077
542,20100226,-0.107364
543,20100301,-0.4254327586206897
544,20100302,-0.21912500000000001
545,20100303,-0.08557999999999999
546,20100304,0.14944230769230768
547,20100305,-0.14567936507936508
548,20100308,-0.031175714285714282
549,20100309,-0.11996428571428572
550,20100310,0.06657192982456141
551,20100311,0.35287500000000005
552,20100312,-0.04505294117647059
553,20100315,-0.23300704225352115
554,20100316,0.22655384615384613
555,20100317,0.14399285714285712
556,20100318,0.33732068965517237
557,20100319,0.12461054131054133
558,20100322,0.11370408163265307
559,20100323,-0.30299565217391305
560,20100324,0.00374571428571429
561,20100325,-0.10303333333333332
562,20100326,0.0
563,20100329,-0.4894416666666667
564,20100330,-0.5064378378378378
565,20100331,-0.24996666666666667
566,20100401,0.0016888888888889004
567,20100405,0.2957189655172414
568,20100406,0.1076875
569,20100407,-0.15430666666666668
570,20100408,0.20367659574468086
571,20100409,-0.25704237288135595
572,20100412,0.04093589743589743
573,20100413,0
574,20100414,0.22382608695652173
575,20100415,0.20744166666666666
576,20100416,-0.3007708900999091
577,20100419,-0.05470142348754448
578,20100420,-0.16474831460674164
579,20100421,-0.009013050847457611
580,20100422,-0.01699175824175825
581,20100423,-0.07584691689008043
582,20100426,0.024093427230046947
583,20100427,-0.056931436314363135
584,20100428,0.056158593750000006
585,20100429,-0.10571461187214613
586,20100430,-0.007586098654708536
587,20100503,0.01360884353741497
588,20100504,0.055535751295336784
589,20100505,-0.10785696969696969
590,20100506,-0.19456842105263158
591,20100507,-0.08830622568093387
592,20100510,-0.20935767634854774
593,20100511,-0.0794240506329114
594,20100512,0.17513483870967742
595,20100513,0.24103783783783786
596,20100514,-0.06739285714285714
597,20100517,0.03742820512820511
598,20100518,-0.15742992700729927
599,20100519,0.592763967611336
600,20100520,-0.3252959053103007
601,20100521,-0.25200992366412217
602,20100524,0.11513333333333332
603,20100525,-0.24540416666666673
604,20100526,0.0286
605,20100527,-0.22985657894736838
606,20100528,-0.05703448275862068
607,20100601,-0.3164111731843575
608,20100602,0.25472123893805315
609,20100603,0.34477500000000005
610,20100604,-0.27194596774193547
611,20100607,-0.019431884057971048
612,20100608,-0.13176000000000002
613,20100609,-0.266871186440678
614,20100610,-0.08020546874999998
615,20100611,0.13898021978021977
616,20100614,-0.4248846153846154
617,20100615,0.10415217391304349
618,20100616,0
619,20100617,0.12224324324324326
620,20100618,-0.39434609375
621,20100621,-0.3612
622,20100622,0.016694117647058814
623,20100623,0.013678260869565218
624,20100624,-0.14929639175257733
625,20100625,0.008400000000000017
626,20100628,-0.11168358208955224
627,20100629,-0.06663389830508475
628,20100630,0.06668444444444444
629,20100701,-0.29380521739130444
630,20100702,-0.27443220338983054
631,20100706,0.04179999999999998
632,20100707,0.0
633,20100708,0.04890833333333334
634,20100709,0.011341772151898733
635,20100712,0.296
636,20100713,0.09922820512820514
637,20100714,-0.09276138613861386
638,20100715,-0.04831823461091753
639,20100716,-0.04715408970976254
640,20100719,-0.09993823529411765
641,20100720,0.019486987951807238
642,20100721,-0.10441919191919191
643,20100722,-0.21044333333333332
644,20100723,-0.07574575163398693
645,20100726,0.038102941176470596
646,20100727,0.13376916666666666
647,20100728,0.13889767441860465
648,20100729,-0.0017621428571428645
649,20100730,0.24165964912280702
650,20100802,-0.11199693877551022
651,20100803,0.043768
652,20100804,0.14247078651685394
653,20100805,0.15467182320441988
654,20100806,0.15109754601226996
655,20100809,-0.19128857142857142
656,20100810,-0.11664769230769231
657,20100811,-0.04039102564102562
658,20100812,-0.019820000000000008
659,20100813,0.46093676470588235
660,20100816,0.12244606741573034
661,20100817,0.0
662,20100818,0.08088235294117647
663,20100819,-0.01276060606060606
664,20100820,-0.06590847457627116
665,20100823,-0.26993999999999996
666,20100824,0.024497014925373137
667,20100825,-0.3557717741935484
668,20100826,0.16106666666666666
669,20100827,-0.259724
670,20100830,-0.00270007342143906
671,20100831,-0.0507875968992248
672,20100901,-0.001780952380952381
673,20100902,0.01579122807017544
674,20100903,0.11127518248175182
675,20100907,-0.262030081300813
676,20100908,0.01802067039106146
677,20100909,0.1366
678,20100910,0
679,20100913,0.1469086538461538
680,20100914,-0.34853963624960804
681,20100915,-0.39221788461538465
682,20100916,0.04858987341772154
683,20100917,-0.06250535714285714
684,20100920,0.4364402597402598
685,20100921,0.14605555555555558
686,20100922,-0.033871428571428566
687,20100923,-0.1027
688,20100924,-0.3684083333333333
689,20100927,0.11925
690,20100928,0.09040229885057471
691,20100929,-0.03727222222222222
692,20100930,0.024814814814814814
693,20101001,0.19182666666666667
694,20101004,-0.39335625
695,20101005,-0.14462243589743587
696,20101006,-0.32121264367816094
697,20101007,-0.09408928571428572
698,20101008,0.20230000000000004
699,20101011,0.00941304347826087
700,20101012,0.07191702127659574
701,20101013,0.09676282051282052
702,20101014,-0.019304907975460122
703,20101015,-0.015039230769230768
704,20101018,-0.07044554455445545
705,20101019,0.0414656914893617
706,20101020,0.17613951612903223
707,20101021,0.07904285714285714
708,20101022,-0.00252343750000001
709,20101025,-0.09421978021978024
710,20101026,-0.19543000000000002
711,20101027,-0.04022814371257484
712,20101028,0.004058999999999991
713,20101029,0.14885223880597012
714,20101101,-0.2170287356321839
715,20101102,-0.03498807339449543
716,20101103,0.3584172535211268
717,20101104,0.5678146788990825
718,20101105,-0.06339565217391305
719,20101108,0.2070301204819277
720,20101109,-0.28509622641509436
721,20101110,0.24454
722,20101111,-0.08579550561797752
723,20101112,0.18029302325581395
724,20101115,0.04013185840707965
725,20101116,0.07362451923076924
726,20101117,-0.06846
727,20101118,0.19531600000000002
728,20101119,-0.23769444444444443
729,20101122,-0.07941428571428572
730,20101123,-0.26251
731,20101124,-0.005140151515151506
732,20101126,0.6444076923076923
733,20101129,0.07211777777777777
734,20101130,-0.13579358974358974
735,20101201,-0.287773556231003
736,20101202,-0.12130710659898478
737,20101203,0.6707963227222833
738,20101206,0.00693571428571429
739,20101207,0.07058307692307694
740,20101208,0.24942327586206897
741,20101209,0.08943298969072165
742,20101210,-0.03261666666666668
743,20101213,0.13144967741935482
744,20101214,0.0027269230769230756
745,20101215,0.3262529411764705
746,20101216,0.17595786163522012
747,20101217,0.39945740561471443
748,20101220,-0.040565656565656555
749,20101221,-0.02748260869565217
750,20101222,0.34005714285714284
751,20101223,0.4380792792792792
752,20101227,0.04788688524590164
753,20101228,0.454715873015873
754,20101229,-0.2266717391304348
755,20101230,0.05198514851485148
756,20101231,0.1985457142857143
757,20110103,0.06959117221418235
758,20110104,0.014701267056530215
759,20110105,0.16427812500000002
760,20110106,0.003251769911504428
761,20110107,-0.08436952191235057
762,20110110,-0.13618581818181816
763,20110111,-0.0524300380228137
764,20110112,0.02693365617433413
765,20110113,0.3340131868131868
766,20110114,0.060124244771494965
767,20110118,-0.04268904538341159
768,20110119,0.0002468714448236593
769,20110120,0.05620027173913041
770,20110121,0.07936761658031088
771,20110124,0.009987843137254902
772,20110125,-0.01892500000000001
773,20110126,0.1259295019157088
774,20110127,-0.22169288888888888
775,20110128,0.017623278688524594
776,20110131,-0.3262959821428571
777,20110201,0.2477018348623853
778,20110202,0.07583451327433628
779,20110203,0.18525755395683452
780,20110204,-0.14913225806451613
781,20110207,0.04291123595505618
782,20110208,0.2867171052631579
783,20110209,-0.07603372781065089
784,20110210,0.5210493534482757
785,20110211,-0.3036052419354839
786,20110214,-0.15991111111111111
787,20110215,0.025195330739299606
788,20110216,-0.005925925925925931
789,20110217,-0.07521467889908257
790,20110218,0.05143251231527093
791,20110222,-0.05362957746478874
792,20110223,0.1851609375
793,20110224,-0.1852283870967742
794,20110225,-0.08675
795,20110228,0.4749090909090909
796,20110301,-0.19596998992950654
797,20110302,0.17235813953488374
798,20110303,0.33015802469135797
799,20110304,0.02710699481865286
800,20110307,0.11469529042386185
801,20110308,-0.12295853658536585
802,20110309,0.3316191780821918
803,20110310,0.044346456692913386
804,20110311,0.06848111888111887
805,20110314,0.3373735655737706
806,20110315,-0.023039835728952775
807,20110316,0.009672764227642253
808,20110317,0.02501365576102418
809,20110318,-0.04611798460461862
810,20110321,-0.08909253112033194
811,20110322,0.09238400000000001
812,20110323,0.1144708719851577
813,20110324,0.16350178571428572
814,20110325,0.1765192429022082
815,20110328,0.14353853211009174
816,20110329,-0.21863448275862069
817,20110330,0.06655412844036697
818,20110331,-0.017365768621236122
819,20110401,-0.1930586387434555
820,20110404,0.22127559055118112
821,20110405,0.1223654648956357
822,20110406,0.07987547495682211
823,20110407,0.18802670807453417
824,20110408,-0.08018658536585363
825,20110411,0.20942601351351348
826,20110412,-0.20328309178743967
827,20110413,-0.27046630824372764
828,20110414,-0.0423095818815331
829,20110415,-0.07393501849568435
830,20110418,0.013071568627450994
831,20110419,0.11346444444444442
832,20110420,0.15176749999999997
833,20110421,-0.06987412280701753
834,20110425,0.13622545454545454
835,20110426,-0.17527402343750004
836,20110427,-0.06355407854984894
837,20110428,0.09285719844357979
838,20110429,0.17257511591962904
839,20110502,-0.19316334951456313
840,20110503,0.19116074380165288
841,20110504,-0.0058249049429657815
842,20110505,-0.08066779141104292
843,20110506,0.023374852071005925
844,20110509,0.3434802371541502
845,20110510,0.026927304347826087
846,20110511,0.11290590551181105
847,20110512,-0.1398153236459709
848,20110513,0.03769081081081081
849,20110516,0.06300707070707069
850,20110517,-0.03222864321608038
851,20110518,0.29200441988950276
852,20110519,-0.003474157303370793
853,20110520,-0.1928691271236087
854,20110523,0.050601646090534975
855,20110524,0.11116353503184713
856,20110525,0.11139384164222875
857,20110526,-0.10153623529411765
858,20110527,-0.10841301939058173
859,20110531,0.02618045112781956
860,20110601,0.2960981900452489
861,20110602,-0.0723579596412556
862,20110603,-0.13597231833910034
863,20110606,-0.018018144044321328
864,20110607,0.006507619047619048
865,20110608,-0.21128941176470586
866,20110609,0
867,20110610,-0.09296223776223776
868,20110613,0.05611323529411765
869,20110614,0.19688
870,20110615,0.05983024193548386
871,20110616,0.1700336886993603
872,20110617,0.13931590106007066
873,20110620,-0.029501923076923096
874,20110621,0.14916153846153846
875,20110622,0.021952261306532658
876,20110623,0.09917262180974476
877,20110624,0.043568463611859835
878,20110627,0.031335018726591765
879,20110628,-0.198767
880,20110629,-0.6024516666666666
881,20110630,-0.15163723404255322
882,20110701,0.18891440329218107
883,20110705,-0.27292835820895517
884,20110706,0.05058383458646617
885,20110707,-0.0042390134529148
886,20110708,-0.32569355608591877
887,20110711,0.14730903010033444
888,20110712,0.05695440729483282
889,20110713,0.08157454545454544
890,20110714,-0.08836037735849056
891,20110715,0.10563960396039603
892,20110718,-0.04960748502994013
893,20110719,0.4314335352422908
894,20110720,0.1613715909090909
895,20110721,-0.021769534050179205
896,20110722,0.05066423982869379
897,20110725,0.13099496644295303
898,20110726,-0.026948516320474767
899,20110727,-0.3434684659090909
900,20110728,-0.036684095063985386
901,20110729,-0.05420603136308805
902,20110801,-0.19522702702702707
903,20110802,0.21411956521739128
904,20110803,-0.22174264705882352
905,20110804,-0.10857700534759357
906,20110805,-0.028578861788617887
907,20110808,-0.018000818713450294
908,20110809,-0.18172289719626172
909,20110810,-0.13200000000000006
910,20110811,0.01823283950617283
911,20110812,-0.1358754820936639
912,20110815,-0.15296009615384615
913,20110816,0.011526608419380462
914,20110817,-0.24637761194029853
915,20110818,-0.13627428571428574
916,20110819,-0.06472091503267975
917,20110822,-0.06786141038197847
918,20110823,-0.15190174731182793
919,20110824,0.05669230769230769
920,20110825,-0.18034475806451614
921,20110826,0.1782651245551601
922,20110829,0.028908860759493674
923,20110830,0.04828870292887029
924,20110831,0.2283305785123967
925,20110901,-0.28776972255729794
926,20110902,-0.048568935643564355
927,20110906,0.051236538461538465
928,20110907,0.045177375565610856
929,20110908,-0.05699495268138801
930,20110909,-0.47918600660065996
931,20110912,-0.05268892988929889
932,20110913,-0.27844170854271355
933,20110914,0.28516801801801805
934,20110915,-0.004167352941176468
935,20110916,0.21336000000000008
936,20110919,0.05992374999999996
937,20110920,0.017647727272727273
938,20110921,-0.11180954927425515
939,20110922,-0.1600771119842829
940,20110923,0.006309216101694921
941,20110926,-0.2200114206128134
942,20110927,-0.3308631088082901
943,20110928,-0.1307503597122302
944,20110929,0.09252011494252872
945,20110930,-0.2796235426008969
946,20111003,-0.03561593959731544
947,20111004,0.1110553846153846
948,20111005,-0.08174883177570096
949,20111006,0.06184724409448819
950,20111007,0.046584558823529416
951,20111010,-0.1414
952,20111011,-0.280493351800554
953,20111012,-0.21147742616033757
954,20111013,-0.18471825293350713
955,20111014,0.04753809523809525
956,20111017,0.09211784511784513
957,20111018,0.05697704332291203
958,20111019,-0.012299148936170208
959,20111020,-0.3718359574468086
960,20111021,0.08068688946015422
961,20111024,-0.09497849462365592
962,20111025,-0.3461599415204679
963,20111026,-0.3686736141906874
964,20111027,0.1510862533692722
965,20111028,0.30115038022813695
966,20111031,-0.13854642857142854
967,20111101,-0.17897452229299363
968,20111102,0.035960902255639096
969,20111103,0.01921717171717173
970,20111104,-0.06370571428571431
971,20111107,0.04063823529411765
972,20111108,-0.08432825484764543
973,20111109,-0.18725430622009562
974,20111110,0.2913625
975,20111111,0.027419047619047603
976,20111114,-0.04385
977,20111115,0.1530287081339713
978,20111116,-0.43499172610556336
979,20111117,-0.0656617486338798
980,20111118,0.19261722090261285
981,20111121,-0.026045833333333334
982,20111122,-0.022020238095238086
983,20111123,-0.21355659340659336
984,20111125,-0.2334967741935484
985,20111128,-0.25202886597938146
986,20111129,0.2632331176470589
987,20111130,0.11139423631123913
988,20111201,0.03735377358490567
989,20111202,-0.0025039622641509513
990,20111205,-0.240730081300813
991,20111206,-0.22749999999999998
992,20111207,0.0548
993,20111208,0.18992735849056605
994,20111209,-0.1847654867256637
995,20111212,0.22883851851851847
996,20111213,-0.2847678362573099
997,20111214,-0.005890376569037642
998,20111215,0.013885619469026559
999,20111216,0.11915095785440612
1000,20111219,-0.25134500000000004
1001,20111220,0.1870673469387755
1002,20111221,0.046982113821138226
1003,20111222,0.006108639308855296
1004,20111223,0.22950731707317074
1005,20111227,0.028844
1006,20111228,0.13104859154929582
1007,20111229,-0.10942983193277307
1008,20111230,0.15606327014218013
1009,20120103,-0.06002173913043478
1010,20120104,-0.02177145669291339
1011,20120105,0.04761153846153844
1012,20120106,-0.04534326923076924
1013,20120109,0.1053121276595745
1014,20120110,0.05349556451612905
1015,20120111,0.02107036144578312
1016,20120112,0.1770965517241379
1017,20120113,-0.0269669642857143
1018,20120117,0.03147254098360656
1019,20120118,0.06745009535918628
1020,20120119,0.18725880000000003
1021,20120120,-0.10139416058394159
1022,20120123,-0.05426480000000001
1023,20120124,0.3726810650887574
1024,20120125,0.14285684210526317
1025,20120126,0.06584000000000002
1026,20120127,0.3681195902688861
1027,20120130,-0.060709356725146185
1028,20120131,0.0344157495256167
1029,20120201,0.018925783132530127
1030,20120202,0.2105776119402985
1031,20120203,0.23434071856287422
1032,20120206,0.03042020725388601
1033,20120207,0.06628037383177571
1034,20120208,0.06517736389684813
1035,20120209,0.008861718750000023
1036,20120210,-0.10223239436619717
1037,20120213,0.02804788273615635
1038,20120214,-0.09603885350318472
1039,20120215,-0.27319870129870133
1040,20120216,-0.11993683360258481
1041,20120217,0.26777765700483097
1042,20120221,-0.021387499999999986
1043,20120222,-0.08447169811320754
1044,20120223,0.2583416666666667
1045,20120224,0.20958846153846153
1046,20120227,-0.24736396396396393
1047,20120228,0.21151185031185032
1048,20120229,-0.09876967213114755
1049,20120301,0.11242253521126762
1050,20120302,-0.16320787671232878
1051,20120305,0.07748467741935484
1052,20120306,-0.0002042156185210717
1053,20120307,0.011962962962962956
1054,20120308,0.15584237288135594
1055,20120309,0.18093208556149737
1056,20120312,-0.22256271186440676
1057,20120313,0.06990323679727428
1058,20120314,-0.1319867066134044
1059,20120315,-0.289683202247191
1060,20120316,-0.008421597392013036
1061,20120319,0.40093091482649845
1062,20120320,-0.09228437499999999
1063,20120321,0.21294395604395605
1064,20120322,-0.1663268292682927
1065,20120323,-0.10752109004739338
1066,20120326,0.27983932584269666
1067,20120327,0
1068,20120328,-0.006467990074441684
1069,20120329,0.13315263157894736
1070,20120330,0.18533849765258212
1071,20120402,-0.14887232142857143
1072,20120403,-0.12006877637130801
1073,20120404,0.13833361344537812
1074,20120405,-0.0854203619909503
1075,20120409,0.053882456140350886
1076,20120410,0.12924545454545455
1077,20120411,-0.18278958333333337
1078,20120412,0.13905232558139533
1079,20120413,0.15906580796252925
1080,20120416,0.01744994350282486
1081,20120417,0.010769689542483666
1082,20120418,0.13170963414634143
1083,20120419,0.03273002481389578
1084,20120420,-0.09637957317073173
1085,20120423,0.29247875
1086,20120424,0.014277952755905505
1087,20120425,0.12143359193173006
1088,20120426,-0.0019766233766233742
1089,20120427,0.021241401273885352
1090,20120430,-0.3666832298136646
1091,20120501,-0.08906470588235293
1092,20120502,0.04063483870967742
1093,20120503,0.008325943396226434
1094,20120504,-0.0035059782608695793
1095,20120507,0.08488532110091741
1096,20120508,0.24081571428571427
1097,20120509,-0.020154594594594587
1098,20120510,-0.288312887236679
1099,20120511,-0.267583275261324
1100,20120514,0.026472222222222244
1101,20120515,0.2508505922165821
1102,20120516,0.08356464646464647
1103,20120517,-0.08257994100294982
1104,20120518,0.07959178082191783
1105,20120521,0.28403661971830985
1106,20120522,0.062350843881856535
1107,20120523,-0.1477433667781494
1108,20120524,0.06464822521419829
1109,20120525,0.021731395348837206
1110,20120529,0.01254358974358975
1111,20120530,0.06509645669291339
1112,20120531,0.2989877165354331
1113,20120601,0.3530630630630631
1114,20120604,0.020084931506849313
1115,20120605,-0.065162893081761
1116,20120606,0.055204629629629624
1117,20120607,0.1238708888888889
1118,20120608,0.038948251748251755
1119,20120611,-0.03338671328671328
1120,20120612,-0.13935223367697594
1121,20120613,-0.14948832116788321
1122,20120614,0.15892049689440993
1123,20120615,-0.6047442307692308
1124,20120618,-0.00861538461538461
1125,20120619,0.13788317757009347
1126,20120620,-0.031749333333333345
1127,20120621,-0.0739607340720222
1128,20120622,-0.030960649819494597
1129,20120625,-0.06725466666666668
1130,20120626,-0.008925770925110115
1131,20120627,0.027310000000000015
1132,20120628,-0.12480346153846154
1133,20120629,-0.07761980676328503
1134,20120702,0.15757837837837838
1135,20120703,0.004136759700476514
1136,20120705,0.2050832167832168
1137,20120706,0.10972608695652175
1138,20120709,-0.01948852772466539
1139,20120710,0.063375
1140,20120711,0.18222610229276892
1141,20120712,-0.08840493827160494
1142,20120713,-0.1668275387263339
1143,20120716,0.17568362068965518
1144,20120717,0.12445756578947366
1145,20120718,-0.03041308993766696
1146,20120719,0.061574747474747483
1147,20120720,0.0551531914893617
1148,20120723,0.11087752808988766
1149,20120724,-0.14156902654867257
1150,20120725,-0.03061397058823531
1151,20120726,-0.06825337837837836
1152,20120727,0.014067002518891692
1153,20120730,-0.14574615384615386
1154,20120731,0.02255161290322582
1155,20120801,0.04405045045045044
1156,20120802,0.06399059829059829
1157,20120803,-0.004576371308016874
1158,20120806,0.2358544871794872
1159,20120807,0.16776666666666665
1160,20120808,0.06957152777777778
1161,20120809,-0.05421939849624061
1162,20120810,0.15030000000000004
1163,20120813,0.24565617977528093
1164,20120814,0.0616957174392936
1165,20120815,-0.2525436090225564
1166,20120816,0.27953666666666666
1167,20120817,-0.043455072463768125
1168,20120820,0.13475346534653465
1169,20120821,-0.19384102564102565
1170,20120822,0.034762251655629135
1171,20120823,-0.14826197183098588
1172,20120824,-0.23306190476190478
1173,20120827,0.2824234375
1174,20120828,0.04713529411764705
1175,20120829,-0.13564036697247708
1176,20120830,0.34897015530047254
1177,20120831,0.11448166666666668
1178,20120904,-0.09671255060728744
1179,20120905,0.17906340579710145
1180,20120906,0.09873455284552846
1181,20120907,0.20511417525773196
1182,20120910,0.012242139384116685
1183,20120911,-0.050004580152671764
1184,20120912,0.15712583732057417
1185,20120913,-0.15537563291139242
1186,20120914,0.18819136212624582
1187,20120917,-0.03489494382022473
1188,20120918,0.14627526096033405
1189,20120919,0.0708306479859895
1190,20120920,0.034679051383399224
1191,20120921,0.038403643724696394
1192,20120924,0.17682489082969435
1193,20120925,-0.181796511627907
1194,20120926,0.01297509433962264
1195,20120927,0.07407338003502627
1196,20120928,0.24839924242424236
1197,20121001,0.2970537234042553
1198,20121002,0.05094313725490197
1199,20121003,0.290239222614841
1200,20121004,0.46296595744680846
1201,20121005,0.10299727626459142
1202,20121008,0.06718222891566263
1203,20121009,-0.08773926380368097
1204,20121010,-0.01204920634920634
1205,20121011,0.165524578313253
1206,20121012,0.062054304635761566
1207,20121015,0.022966173752310522
1208,20121016,0.1547346521145975
1209,20121017,-0.10167272727272728
1210,20121018,-0.10925955188679244
1211,20121019,0.07367838676318514
1212,20121022,-0.2105277286135694
1213,20121023,-0.05256747572815533
1214,20121024,-0.024542624618514745
1215,20121025,0.27662633832976447
1216,20121026,0.02608919973975276
1217,20121031,0.37762171945701356
1218,20121101,0.1994300847457627
1219,20121102,0.03421545064377682
1220,20121105,-0.14448249400479618
1221,20121106,0.17172689486552567
1222,20121107,-0.19646244725738396
1223,20121108,0.2576217616580311
1224,20121109,-0.13703355048859933
1225,20121112,-0.13565666666666668
1226,20121113,0.3684694267515924
1227,20121114,0.0357718762886598
1228,20121115,0.06794779116465864
1229,20121116,-0.02213411306042885
1230,20121119,-0.0574187969924812
1231,20121120,0.05729834791059281
1232,20121121,-0.0183160363086233
1233,20121123,-0.2004469512195122
1234,20121126,0.06522998454404946
1235,20121127,0.058923425692695215
1236,20121128,0.032946209386281594
1237,20121129,-0.0774951086956522
1238,20121130,0.15144410646387838
1239,20121203,0.3661428571428571
1240,20121204,0.08123418972332017
1241,20121205,0.023053505007153075
1242,20121206,0.22867593984962406
1243,20121207,0.07658371212121211
1244,20121210,0
1245,20121211,0.03495146804835925
1246,20121212,0.27601171107994393
1247,20121213,0.5305561018437226
1248,20121214,0.03667534722222223
1249,20121217,0.04931476439790576
1250,20121218,0.17423609756097563
1251,20121219,0.1742403785488959
1252,20121220,0.011509859154929573
1253,20121221,0.12165608108108107
1254,20121224,0.1869394495412844
1255,20121226,0.20877565982404692
1256,20121227,0.058688764044943824
1257,20121228,-0.11334333333333335
1258,20121231,0.052335416666666704
1259,20130102,0.03293250652741514
1260,20130103,-0.025056521739130425
1261,20130104,-0.003490555555555559
1262,20130107,0.4470538461538462
1263,20130108,-0.012214948453608248
1264,20130109,0.015595991561181436
1265,20130110,0.19067149372862024
1266,20130111,0.14013489932885903
1267,20130114,0.018515662650602407
1268,20130115,0.04944143258426965
1269,20130116,0.097502397137746
1270,20130117,0.011530856709628473
1271,20130118,0.1281369678089304
1272,20130122,0
1273,20130123,0.01729508340649693
1274,20130124,0.03809910714285711
1275,20130125,0.12294020467836259
1276,20130128,-0.14450641627543034
1277,20130129,0.0009023841059602644
1278,20130130,0.00708981818181818
1279,20130131,0.18108360655737704
1280,20130201,0.0942618947368421
1281,20130204,0.0018295546558704497
1282,20130205,0.060434714445688695
1283,20130206,0.09319873949579832
1284,20130207,-0.029883003952569168
1285,20130208,0.05641327868852458
1286,20130211,-0.009704796163069549
1287,20130212,0.19448873873873873
1288,20130213,0.21408783783783775
1289,20130214,0.026041322314049587
1290,20130215,0.0013147940074906496
1291,20130219,0.2560853846153846
1292,20130220,-0.021838976377952766
1293,20130221,0.05664050279329609
1294,20130222,0.0157202216066482
1295,20130225,-0.024374418604651175
1296,20130226,-0.011558479087452474
1297,20130227,0.10194329896907217
1298,20130228,0.04847788461538461
1299,20130301,-0.09598721804511277
1300,20130304,-0.20065965130759655
1301,20130305,0.07369271844660195
1302,20130306,0.11270898876404493
1303,20130307,-0.14195809061488673
1304,20130308,-0.0006856745479833143
1305,20130311,-0.04187765006385696
1306,20130312,0.11624974619289341
1307,20130313,0.14877700831024931
1308,20130314,-0.005083728813559333
1309,20130315,0.038453370013755164
1310,20130318,0.0807438202247191
1311,20130319,-0.14068080438756858
1312,20130320,-0.01548395721925133
1313,20130321,-0.056247469879518085
1314,20130322,0.2984683751363143
1315,20130325,0.10737992277992277
1316,20130326,0.06102893493275174
1317,20130327,0.16408576779026215
1318,20130328,0.03629050480769231
1319,20130401,-0.15929270072992693
1320,20130402,0.06781038394415359
1321,20130403,0.04324709051724137
1322,20130404,0.12780639730639726
1323,20130405,0.10171795212765954
1324,20130408,0.1290209677419355
1325,20130409,0.045016360294117645
1326,20130410,-0.08826138743455504
1327,20130411,0.003854606741573039
1328,20130412,0.05814368471035138
1329,20130415,0.08138026070763503
1330,20130416,0.0786340606060606
1331,20130417,-0.06000202702702703
1332,20130418,-0.0640125
1333,20130419,0.13105347985347987
1334,20130422,0.042462557077625564
1335,20130423,-0.013206567164179105
1336,20130424,-0.19964999999999997
1337,20130425,0.2263774647887324
1338,20130426,0.17975035714285714
1339,20130429,0.01798061420345489
1340,20130430,-0.07870579268292682
1341,20130501,-0.039113131313131315
1342,20130502,0.01272757619738752
1343,20130503,-0.0539377358490566
1344,20130506,0.1368926421404682
1345,20130507,0.08547994011976046
1346,20130508,0.29107050691244235
1347,20130509,0.12371039697542531
1348,20130510,0.006409154929577463
1349,20130513,0.1400647465437788
1350,20130514,0.1750835355285962
1351,20130515,0.2690346405228758
1352,20130516,0.04448877952755908
1353,20130517,0.0837549808429119
1354,20130520,0.11361372093023259
1355,20130521,0.06902271540469974
1356,20130522,0.07002988826815643
1357,20130523,0.18557091757387248
1358,20130524,0.00409650043744532
1359,20130528,0.03338966942148759
1360,20130529,0.08240507936507936
1361,20130530,0.12871446540880505
1362,20130531,-0.161351221719457
1363,20130603,0.1583294573643411
1364,20130604,0.00680622009569377
1365,20130605,0.018003571428571428
1366,20130606,0.21250406976744185
1367,20130607,0.30884342105263174
1368,20130610,0.16588377358490566
1369,20130611,0.27571999999999997
1370,20130612,0.007008219178082203
1371,20130613,0.08467125435540071
1372,20130614,0.15003438596491225
1373,20130617,-0.05334390243902438
1374,20130618,0.31820116959064326
1375,20130619,0.03259533073929962
1376,20130620,0.06761439114391143
1377,20130621,0.014955645161290328
1378,20130624,-0.094368813559322
1379,20130625,0.36314697674418606
1380,20130626,-0.10394100000000003
1381,20130627,0.014075778546712806
1382,20130628,-0.03851970443349753
1383,20130701,-0.028174253731343284
1384,20130702,0.020439603960396045
1385,20130703,0.047358199356913176
1386,20130705,-0.048831515151515154
1387,20130708,0.15353828451882845
1388,20130709,0.17041138211382115
1389,20130710,0.11056448598130841
1390,20130711,0.1752482456140351
1391,20130712,0.2624487755102041
1392,20130715,0.10928275154004106
1393,20130716,0.04622544378698225
1394,20130717,0.2561556910569106
1395,20130718,0.10306076555023926
1396,20130719,0.009781044487427453
1397,20130722,-0.7567530156719963
1398,20130723,-0.0022075688939222327
1399,20130724,0.19137948717948725
1400,20130725,0.5502063260340632
1401,20130726,-0.058547551686615865
1402,20130729,-0.17675486111111116
1403,20130730,-0.016537857142857146
1404,20130731,0.23116019656019657
1405,20130801,0.20900119453924915
1406,20130802,0.09179518348623854
1407,20130805,0.010545388349514566
1408,20130806,0.09020534351145039
1409,20130807,0.057075363773206204
1410,20130808,0.2176402390438247
1411,20130809,-0.01479757785467128
1412,20130812,0.01606111111111111
1413,20130813,0.2798372881355931
1414,20130814,0.02027647058823529
1415,20130815,-0.030141803278688522
1416,20130816,0.3999788793103447
1417,20130819,-0.08011351351351348
1418,20130820,0.03909687500000001
1419,20130821,-0.0886969450101833
1420,20130822,-0.03820220318237455
1421,20130823,-0.3006356164383562
1422,20130826,-0.3498711729622266
1423,20130827,-0.3431869841269842
1424,20130828,0.10165089285714288
1425,20130829,0.17123750000000001
1426,20130830,0.026133774834437087
1427,20130903,0.34711355081555834
1428,20130904,0.12456557377049181
1429,20130905,0.171775
1430,20130906,0.013252272727272736
1431,20130909,0.10237531380753134
1432,20130910,0.2660693697978595
1433,20130911,0.273281939799331
1434,20130912,0.7594445708654363
1435,20130913,0.16020224999999996
1436,20130916,0.1070622478386167
1437,20130917,0.057541840277777756
1438,20130918,0.07534970645792564
1439,20130919,0
1440,20130920,0.095755
1441,20130923,0.02513917525773196
1442,20130924,0.11261746478873237
1443,20130925,0.05442944915254237
1444,20130926,-0.15055100000000002
1445,20130927,0.07749714964370547
1446,20130930,0.09928336052202284
1447,20131001,0.2503339031339032
1448,20131002,0.029966205533596836
1449,20131003,-0.03351672077922078
1450,20131004,0.14354262295081965
1451,20131007,0.22569999999999993
1452,20131008,0.21502710843373496
1453,20131009,0.0582213675213675
1454,20131010,-0.004277431421446386
1455,20131011,0.19764437627811857
1456,20131014,0.21519618021547499
1457,20131015,-0.00034404145077720935
1458,20131016,-0.09955958485958483
1459,20131017,-0.017992653673163408
1460,20131018,0.17634888888888886
1461,20131021,-0.011462142857142853
1462,20131022,0.07294624277456649
1463,20131023,0.10251117478510033
1464,20131024,0.1392563063063063
1465,20131025,0.35642100840336133
1466,20131028,0.09056382978723403
1467,20131029,0.011867418032786875
1468,20131030,0.2897810344827586
1469,20131031,-0.05281877729257643
1470,20131101,0.2617521505376344
1471,20131104,0
1472,20131105,-0.00019465240641711016
1473,20131106,0.049815608919382505
1474,20131107,-0.06465693877551026
1475,20131108,0.10977614379084966
1476,20131111,0.04704371257485031
1477,20131112,0.1448315649867374
1478,20131113,0.07249361459521093
1479,20131114,-0.17679796437659034
1480,20131115,0.04527324414715718
1481,20131118,0.2570794520547945
1482,20131119,0.016301409017713365
1483,20131120,0.13606883720930235
1484,20131121,0.07722709867452136
1485,20131122,0.08577530120481927
1486,20131125,0.10262684824902724
1487,20131126,0.07539065108514188
1488,20131127,0.08505199004975122
1489,20131129,0.19963501144164758
1490,20131202,0.14214682422451994
1491,20131203,0.15626474358974357
1492,20131204,0.1317153488372093
1493,20131205,0.04746923076923077
1494,20131206,0.07361151315789476
1495,20131209,-0.014858684210526319
1496,20131210,0.07480253411306043
1497,20131211,0.008157603686635949
1498,20131212,0.3249994318181818
1499,20131213,0.19360183066361555
1500,20131216,-0.008713372093023246
1501,20131217,0.10243059936908518
1502,20131218,0.16104022988505745
1503,20131219,-0.09592664974619285
1504,20131220,0.13862188449848023
1505,20131223,0.14289456740442652
1506,20131224,0.12343514644351462
1507,20131226,0.13381528662420383
1508,20131227,0.144131223628692
1509,20131230,0.010351396648044695
1510,20131231,0.426919691119691
1511,20140102,0.4965975935828877
1512,20140103,-0.026275236294896035
1513,20140106,0.0676866527632951
1514,20140107,0.018560313901345295
1515,20140108,0.16011363636363635
1516,20140109,0.09044521452145216
1517,20140110,0.17607991543340382
1518,20140113,0.0753169164882227
1519,20140114,0.11590739795918369
1520,20140115,0
1521,20140116,0.03232584145483774
1522,20140117,0.19427327766179533
1523,20140121,-0.04264883040935672
1524,20140122,0.22332460496613996
1525,20140123,0.15475722326454036
1526,20140124,-0.23544501779359436
1527,20140127,0.15086041666666664
1528,20140128,0.024036213991769556
1529,20140129,0.3030858024691358
1530,20140130,0.09666938775510203
1531,20140131,-0.15716030368763562
1532,20140203,0.2542686390532545
1533,20140204,0.0724378516624041
1534,20140205,0.2242392727272727
1535,20140206,0.063
1536,20140207,-0.007540540540540539
1537,20140210,-0.11028218181818181
1538,20140211,-0.02723018065887354
1539,20140212,0.029022295081967214
1540,20140213,0.33281073298429314
1541,20140214,0.2824023297491039
1542,20140218,0.2845682403433476
1543,20140219,-0.12266681592039803
1544,20140220,0.17615112359550558
1545,20140221,0.0026573770491803168
1546,20140224,0.1449965260545906
1547,20140225,0.1665429718875502
1548,20140226,0.15953768115942027
1549,20140227,0.20479889807162538
1550,20140228,-0.05786641509433966
1551,20140303,0.0775826498422713
1552,20140304,0.0836662100456621
1553,20140305,0.11216742160278746
1554,20140306,-0.005658086785009843
1555,20140307,-0.13604185792349724
1556,20140310,0.3602216049382716
1557,20140311,0.4307463276836157
1558,20140312,0.03457982708933717
1559,20140313,0.14970928270042197
1560,20140314,0.23403844011142058
1561,20140317,0.10345767634854772
1562,20140318,0
1563,20140319,0.12316132404181183
1564,20140320,0.14399256756756765
1565,20140321,0.22481791044776128
1566,20140324,0.35049030837004413
1567,20140325,0.18097645348837207
1568,20140326,-0.0917121428571429
1569,20140327,-0.03439016393442624
1570,20140328,0.12249285714285715
1571,20140331,0.23063166666666668
1572,20140401,0.10186573529411765
1573,20140402,-0.27158997617738684
1574,20140403,0.019866666666666692
1575,20140404,-0.04587504168982769
1576,20140407,0.11345024509803915
1577,20140408,0.07364339152119705
1578,20140409,0.04052129925452609
1579,20140410,0.19311868852459016
1580,20140411,0.05471010065949321
1581,20140414,0.005027701674277017
1582,20140415,0.056769822485207094
1583,20140416,0.08371609977324265
1584,20140417,0.18747144866385376
1585,20140421,0.32209493670886075
1586,20140422,-0.0068645756457564435
1587,20140423,0.3108686274509804
1588,20140424,0.04464387755102041
1589,20140425,0.17206573913043477
1590,20140428,-0.0017474940334128739
1591,20140429,0.08456791443850269
1592,20140430,0.2637298387096774
1593,20140501,0.3272416216216216
1594,20140502,-0.09861092896174864
1595,20140505,0.16777022900763366
1596,20140506,0.020360736196319014
1597,20140507,0.1930789383561644
1598,20140508,0.15714711111111113
1599,20140509,-0.0018719653179190736
1600,20140512,0.5050529824561404
1601,20140513,0.14413867924528304
1602,20140514,-0.011260975609756098
1603,20140515,0.40139378881987575
1604,20140516,0.12295874316939889
1605,20140519,0.7736453646477133
1606,20140520,0.19509190751445088
1607,20140521,-0.12439614325068868
1608,20140522,-0.01463418367346938
1609,20140523,0.3157194444444444
1610,20140527,0.050413157894736854
1611,20140528,0.11009745222929941
1612,20140529,0.1150987421383648
1613,20140530,0.27238658718330844
1614,20140602,-0.009518961625282171
1615,20140603,0.5370660983233874
1616,20140604,0.21605583333333336
1617,20140605,0.22727903682719544
1618,20140606,-0.02983247978436658
1619,20140609,0.17570317757009343
1620,20140610,-0.002320784313725497
1621,20140611,0.2595828671328671
1622,20140612,0
1623,20140613,0.42031295843520794
1624,20140616,0.31131448598130834
1625,20140617,0.10708098591549295
1626,20140618,0.09884119850187267
1627,20140619,0.0841255737704918
1628,20140620,0.30538503937007877
1629,20140623,-0.005661904761904766
1630,20140624,0.056234707903780067
1631,20140625,0.11365693430656935
1632,20140626,0.013580100755667504
1633,20140627,0.007833938040747977
1634,20140630,-0.0465526515151515
1635,20140701,0.06860216606498193
1636,20140702,0.32597730350119286
1637,20140703,0.02670854700854701
1638,20140707,0.5824
1639,20140708,0.023853560371517032
1640,20140709,0.3322970751924216
1641,20140710,0.13329419354838704
1642,20140711,0.4414545851528385
1643,20140714,0.0762858806404658
1644,20140715,0.1460370019920318
1645,20140716,0.22746786248131542
1646,20140717,0.0028575949367088565
1647,20140718,0.08255797872340426
1648,20140721,-0.016254523227383865
1649,20140722,-0.012072231985940245
1650,20140723,0.07337137546468402
1651,20140724,0.22719051233396584
1652,20140725,-0.012568917881811203
1653,20140728,0.15857905759162305
1654,20140729,-0.12786630434782606
1655,20140730,0.2277887804878049
1656,20140731,0.17860408921933085
1657,20140801,0.1472118181818182
1658,20140804,-0.08437401315789472
1659,20140805,0.005897684391080618
1660,20140806,0.287095
1661,20140807,0.29399185303514386
1662,20140808,0.13305796019900495
1663,20140811,0.3118661141804788
1664,20140812,-0.05125399999999997
1665,20140813,0.12484734513274336
1666,20140814,0.0040244
1667,20140815,0.247154128440367
1668,20140818,0.30829246231155777
1669,20140819,0.3267760563380282
1670,20140820,0.005953666666666672
1671,20140821,0.23592951289398276
1672,20140822,0.029871716357775985
1673,20140825,0.11286242118537201
1674,20140826,0.07959327433628319
1675,20140827,0.0313091286307054
1676,20140828,0.14617233201581029
1677,20140829,0.41474603541185523
1678,20140902,0.3452911504424779
1679,20140903,0.039404255319148936
1680,20140904,-0.0798691076923077
1681,20140905,0.002711873638344233
1682,20140908,0.1622195329087049
1683,20140909,0.04192409177820268
1684,20140910,0.26155327380952387
1685,20140911,0.1229258426966292
1686,20140912,0.323380269058296
1687,20140915,0.4674554404145079
1688,20140916,0.07278876712328768
1689,20140917,0.29296692307692307
1690,20140918,0.15026279683377308
1691,20140919,0.1846927015250545
1692,20140922,0.24252161458333332
1693,20140923,0.27674461883408064
1694,20140924,0.06777014762165118
1695,20140925,-0.1765752136752137
1696,20140926,-0.254701267281106
1697,20140929,0.42234728813559325
1698,20140930,0.15547986425339366
1699,20141001,0.17499350348027842
1700,20141002,0.19347292817679562
1701,20141003,0.19674999999999995
1702,20141006,0.2651966216216216
1703,20141007,0.11464175115207374
1704,20141008,0.3993910769230769
1705,20141009,-0.03859344608879493
1706,20141010,0.10680882778581764
1707,20141013,0.04032920634920635
1708,20141014,0.3109008849557522
1709,20141015,0.17640154559505408
1710,20141016,0.15000327064595262
1711,20141017,0.3191120838471024
1712,20141020,0.2915615094339622
1713,20141021,0.47072150101419885
1714,20141022,-0.009273577235772358
1715,20141023,0.2655072398190045
1716,20141024,0.24022456140350873
1717,20141027,-0.2664445676274944
1718,20141028,0.2567945098039216
1719,20141029,0.42987163009404383
1720,20141030,0.3090914012738854
1721,20141031,0.3114133479212254
1722,20141103,0.25927904761904763
1723,20141104,0.2959420338983051
1724,20141105,0.35705051475634864
1725,20141106,0.3124424320457797
1726,20141107,0.3099478873239437
1727,20141110,0.44417246963562756
1728,20141111,0.08737783312577833
1729,20141112,0.18378680142687276
1730,20141113,0.14899737569060775
1731,20141114,0.5497852941176471
1732,20141117,0.3884809895833334
1733,20141118,0.27378865336658353
1734,20141119,-0.06577398843930637
1735,20141120,-0.03327824817518249
1736,20141121,-0.04067009569377991
1737,20141124,0.025886255924170615
1738,20141125,-0.008490011614401858
1739,20141126,-0.007120121951219548
1740,20141128,0.06554203102961918
1741,20141201,-8.12785388127848e-05
1742,20141202,0.17660156006240255
1743,20141203,-0.18098235730170495
1744,20141204,0.1047148148148148
1745,20141205,0.3149664502164501
1746,20141208,0.09608701986754968
1747,20141209,0.11088694736842106
1748,20141210,0.3708284298780488
1749,20141211,0.32030942760942765
1750,20141212,0.17833991031390137
1751,20141215,-0.06498307493540052
1752,20141216,0.2244958762886598
1753,20141217,0.1490307599517491
1754,20141218,0.11237737948084058
1755,20141219,0.28979751773049645
1756,20141222,0.12936430379746836
1757,20141223,0.10723457142857143
1758,20141224,0.13463391003460207
1759,20141226,0.43297632241813605
1760,20141229,0.2283661710037175
1761,20141230,0.09240875912408755
1762,20141231,0.0357140350877193
1763,20150102,0.2748824503311258
1764,20150105,0.13816819338422393
1765,20150106,0.22840445103857565
1766,20150107,0.08513470437017992
1767,20150108,0.2965948960302458
1768,20150109,0.20617714285714286
1769,20150112,0.3011612915657345
1770,20150113,0.33995783783783784
1771,20150114,0.09693914893617021
1772,20150115,-0.05076936771025168
1773,20150116,-0.006654387351778661
1774,20150120,-0.012504098360655731
1775,20150121,0.31130127877237856
1776,20150122,0.3387762658227848
1777,20150123,0.2029691029900332
1778,20150126,0.21687369942196533
1779,20150127,0.08450978043912173
1780,20150128,0.1274632315521628
1781,20150129,0.028997453703703702
1782,20150130,0.1538045161290322
1783,20150202,0.4132247524752476
1784,20150203,0.325536974789916
1785,20150204,0.0882730593607306
1786,20150205,0.28529798792756533
1787,20150206,0.29820544217687067
1788,20150209,-0.11509514563106797
1789,20150210,-0.06146577464788731
1790,20150211,0.22078613360323895
1791,20150212,-0.0782610963748895
1792,20150213,0.27398701799485864
1793,20150217,0.004469458220267614
1794,20150218,0.18983325062034737
1795,20150219,-0.0029039975772259235
1796,20150220,0.1421701530612245
1797,20150223,0.05246448748991122
1798,20150224,0.025387719298245615
1799,20150225,0.2326492434662999
1800,20150226,0.01641495956873315
1801,20150227,0.43604044630404465
1802,20150302,-0.08060550458715596
1803,20150303,0.014675655430711611
1804,20150304,0.20289476831091177
1805,20150305,-0.3012304347826087
1806,20150306,0.20818151963940748
1807,20150309,-0.0006081148564294746
1808,20150310,-0.11475835351089589
1809,20150311,-0.008958830548926015
1810,20150312,0.21472777777777777
1811,20150313,-0.13129808219178082
1812,20150316,0.1180870778267254
1813,20150317,0.3633739485981308
1814,20150318,0.11421026548672565
1815,20150319,0.20373198959687905
1816,20150320,0.13390821428571434
1817,20150323,0.5159997991967871
1818,20150324,0.19646978297161935
1819,20150325,-0.01368686440677966
1820,20150326,0.09092552083333338
1821,20150327,0.4177874712643678
1822,20150330,0.2504319727891156
1823,20150331,0.02639016393442622
1824,20150401,0.15264330578512397
1825,20150402,0.05566562499999999
1826,20150406,-0.14071501057082453
1827,20150407,-0.08350486381322955
1828,20150408,0.3002471116816431
1829,20150409,0.2951983754512636
1830,20150410,0.22251802179379723
1831,20150413,0.004255304740406322
1832,20150414,0.0027896405919661704
1833,20150415,0.025284635645302905
1834,20150416,0.07750248196248197
1835,20150417,0.002371473354231987
1836,20150420,0.2020577049180328
1837,20150421,0.007040540540540542
1838,20150422,0.512186888888889
1839,20150423,0.08167614678899084
1840,20150424,0.31591765498652286
1841,20150427,0.11309320388349517
1842,20150428,0.13599857954545455
1843,20150429,-0.06860425
1844,20150430,0.09725334242837654
1845,20150501,0.12657666666666664
1846,20150504,0.06713511627906978
1847,20150505,0.06564232081911262
1848,20150506,0.07957945454545455
1849,20150507,0.09375299435028248
1850,20150508,0.28339871428571434
1851,20150511,-0.06598112798264641
1852,20150512,0.2557689295039165
1853,20150513,0.08030904872389792
1854,20150514,0.45672574734811955
1855,20150515,0.23675924932975875
1856,20150518,0.08546625441696112
1857,20150519,-0.0668851851851852
1858,20150520,0.16789904306220094
1859,20150521,0.45675550906555096
1860,20150522,0.315510108303249
1861,20150526,0.2650795698924731
1862,20150527,0.04711286127167629
1863,20150528,0.2896515219842164
1864,20150529,0.16368636363636369
1865,20150601,0.1728182795698925
1866,20150602,0.033289124293785305
1867,20150603,-0.17143282208588959
1868,20150604,0.08983306055646481
1869,20150605,0.19515135787567892
1870,20150608,0.07632393483709274
1871,20150609,0.18563100775193794
1872,20150610,0.2825561346362649
1873,20150611,0.27018311897106106
1874,20150612,0.11693970588235295
1875,20150615,0.4438695390781564
1876,20150616,0.1944232142857143
1877,20150617,0.11849860664523044
1878,20150618,-0.016693867120954012
1879,20150619,-0.011527694406548427
1880,20150622,0.1253777895855473
1881,20150623,0.09548136315228967
1882,20150624,0.05580750187546886
1883,20150625,-0.012501840490797545
1884,20150626,0.4768916065573771
1885,20150629,0.32022335766423354
1886,20150630,0.33065399239543725
1887,20150701,-0.012010526315789478
1888,20150702,0.22804601837672278
1889,20150706,0.23144641068447408
1890,20150707,0.03361692650334076
1891,20150708,0.06022420512820513
1892,20150709,-0.1829058265582656
1893,20150710,0.08549452861952861
1894,20150713,0.07834924650161464
1895,20150714,0.19853893129770994
1896,20150715,0.12971265206812652
1897,20150716,0.1028323841698841
1898,20150717,0.13410655391120507
1899,20150720,0.1656190016103059
1900,20150721,0.3022315555555556
1901,20150722,0.25888869895536565
1902,20150723,0.09470419806243272
1903,20150724,0.19370571065989847
1904,20150727,0.21161346153846156
1905,20150728,0.06276606060606059
1906,20150729,0.17069872159090907
1907,20150730,0.07339712230215828
1908,20150731,0.3162089641434263
1909,20150803,0.11353061840120665
1910,20150804,0.7831734498115794
1911,20150805,0.2789276752767528
1912,20150806,0.24504545454545457
1913,20150807,0.4622295484727757
1914,20150810,0.1602490566037736
1915,20150811,0.2954370535714285
1916,20150812,0.11246885743174924
1917,20150813,0.03804221824686942
1918,20150814,0.05002120141342755
1919,20150817,0.05244765906362544
1920,20150818,-0.0803342794759825
1921,20150819,0.25034602109300097
1922,20150820,-0.048768863636363645
1923,20150821,-0.006684189325276943
1924,20150824,0.1164927974947808
1925,20150825,0.10879907975460122
1926,20150826,0.030040915805022154
1927,20150827,0.42248087431694
1928,20150828,-0.06855235434956106
1929,20150831,0.1557901453957997
1930,20150901,-0.013970752688172047
1931,20150902,-0.0008003976143141092
1932,20150903,0.1755060465116279
1933,20150904,-0.025136708860759513
1934,20150908,0.09139140624999999
1935,20150909,0.24118382789317502
1936,20150910,0.35087876984126987
1937,20150911,0.5869615863277827
1938,20150914,0.2023833712984055
1939,20150915,-0.023071929824561403
1940,20150916,0.1081058275058275
1941,20150917,0.20739773776546627
1942,20150918,0.15553033309709427
1943,20150921,0.014680633802816903
1944,20150922,0.09595373864430472
1945,20150923,0.2179614890885751
1946,20150924,0.21204479553903346
1947,20150925,0.10944006968641114
1948,20150928,0.181672430471584
1949,20150929,0.06860638111888111
1950,20150930,0.6327058386974631
1951,20151001,0.2471243964421855
1952,20151002,0.09404463171036204
1953,20151005,0.11837358870967744
1954,20151006,0.28152717241379316
1955,20151007,0.16285167525773198
1956,20151008,0.305739479638009
1957,20151009,-0.07179153889835323
1958,20151012,0.04091782786885245
1959,20151013,0.19131790017211703
1960,20151014,0.04622681003584229
1961,20151015,-0.05403874246987955
1962,20151016,-0.005818890751733201
1963,20151019,0.023415945716709068
1964,20151020,0.256267663981588
1965,20151021,0.17428301886792452
1966,20151022,-0.12527758620689652
1967,20151023,0.014858553791887122
1968,20151026,-0.18509859402460468
1969,20151027,0.2135461180124224
1970,20151028,0.1842414285714286
1971,20151029,0.2448523097826087
1972,20151030,0.2351177685950413
1973,20151102,0.060409645507007406
1974,20151103,0.1262172839506173
1975,20151104,0.14456673913043483
1976,20151105,0.30708
1977,20151106,0.14059545777146915
1978,20151109,-0.11681264367816091
1979,20151110,0.18313532608695654
1980,20151111,-0.07449181818181819
1981,20151112,0.07736147352264006
1982,20151113,-0.15749232804232804
1983,20151116,0.06652677746999076
1984,20151117,0.5034013254786451
1985,20151118,0.05945683453237411
1986,20151119,0.3400539780627221
1987,20151120,-0.11248871527777782
1988,20151123,0.4762502242152466
1989,20151124,0.14509717832957109
1990,20151125,0.1256217699115044
1991,20151127,0.10998747252747253
1992,20151130,0.28458429172510513
1993,20151201,0.5863308856088559
1994,20151202,0.18987807118254876
1995,20151203,0.3472685979971388
1996,20151204,0.4291645281456953
1997,20151207,0.34772200925313934
1998,20151208,0.08976566666666666
1999,20151209,0.3681830385852089
2000,20151210,0.29259211045364897
2001,20151211,0.1081663293468261
2002,20151214,-0.08884008152173913
2003,20151215,0.1115631103074141
2004,20151216,0.3349715
2005,20151217,-0.13156153136531362
2006,20151218,0.2015972845953002
2007,20151221,0.18223564231738032
2008,20151222,0.32180252572497664
2009,20151223,0.2631986641221374
2010,20151224,0.013463620981387474
2011,20151228,0.25740430570505923
2012,20151229,0.30213108348135
2013,20151230,0.2665090680100756
2014,20151231,0.27677101080737443
2015,20160104,-0.07988499452354875
2016,20160105,-0.011402316213494466
2017,20160106,-0.027551671554252186
2018,20160107,0.20716421291053227
2019,20160108,-0.11635044814340587
2020,20160111,0.06826612466124662
2021,20160112,0.3781093695271453
2022,20160113,-0.0879065452969224
2023,20160114,0.12450357142857144
2024,20160115,0.08551696428571423
2025,20160119,0.17568233418367346
2026,20160120,0.18203180943214634
2027,20160121,0.020935030549898166
2028,20160122,-0.09141378504672895
2029,20160125,0.11533859121011435
2030,20160126,0.15056157950907148
2031,20160127,0.18011859504132235
2032,20160128,0.19999934640522876
2033,20160129,0.1620470588235294
2034,20160201,0.3189321110009911
2035,20160202,-0.055952840562003676
2036,20160203,0.1678510727056019
2037,20160204,0.10852472647702413
2038,20160205,0.058053908629441625
2039,20160208,-0.10530570866141734
2040,20160209,0.03460758234928526
2041,20160210,0.05441016020236088
2042,20160211,0.04640065437239737
2043,20160212,0.12362570510531955
2044,20160216,-0.13110426666666666
2045,20160217,-0.003506360424028269
2046,20160218,0.1352655913978495
2047,20160219,0.20162918956043954
2048,20160222,-0.025265733482642775
2049,20160223,-0.15713324873096454
2050,20160224,0.1366466926070039
2051,20160225,0.19172001803426514
2052,20160226,-0.1709562447611064
2053,20160229,0.03338106060606061
2054,20160301,-0.03859040404040404
2055,20160302,0.07081988595866003
2056,20160303,0.2209600319744205
2057,20160304,0.05707011646373744
2058,20160307,0.43642426556991787
2059,20160308,0.32290150862068956
2060,20160309,-0.11058619402985077
2061,20160310,0.29908591439688714
2062,20160311,0.08925131578947369
2063,20160314,0.22226109510086456
2064,20160315,-0.007095463510848134
2065,20160316,-0.09984074650077758
2066,20160317,0.1066943603851444
2067,20160318,0.001808800000000001
2068,20160321,-0.004844744744744741
2069,20160322,0.20982866779089385
2070,20160323,0.08998555798687088
2071,20160324,0.035622505307855615
2072,20160328,-0.06532255358807083
2073,20160329,0.16531240981240977
2074,20160330,0.29216369168357004
2075,20160331,0.12539686411149825
2076,20160401,0.04191243169398907
2077,20160404,0.03965605749486653
2078,20160405,-0.041849668386145907
2079,20160406,-0.02365240480961924
2080,20160407,-0.02253503253796095
2081,20160408,0.10575022186365474
2082,20160411,0.005426808510638294
2083,20160412,0.12140426944971536
2084,20160413,0.2865001017293997
2085,20160414,-0.02661549691184728
2086,20160415,0.17940884120171674
2087,20160418,0.0697246853146853
2088,20160419,0.1000348329621381
2089,20160420,0.04753780961631861
2090,20160421,0.24772058252427184
2091,20160422,-0.00034683416359829644
2092,20160425,0.12246411960132893
2093,20160426,0.025091365979381424
2094,20160427,0.4811358936484491
2095,20160428,0.3273366433566433
2096,20160429,0.010453994753160027
2097,20160502,0.06114828375286042
2098,20160503,0.28315974522292997
2099,20160504,0.1327421965317919
2100,20160505,0.0218375845410628
2101,20160506,-0.07970423676012463
2102,20160509,0.0446552099533437
2103,20160510,-0.07598521066208082
2104,20160511,-0.12262163661581134
2105,20160512,0.12609195979899498
2106,20160513,0.2945400775193799
2107,20160516,-0.12903755656108595
2108,20160517,0.05813995749202976
2109,20160518,-0.08017245438493231
2110,20160519,0.3238108497191011
2111,20160520,0.09291784660766962
2112,20160523,0.061928762306610395
2113,20160524,0.1325449147560259
2114,20160525,0.0492504854368932
2115,20160526,0.16132738170346997
2116,20160527,-0.026690003716090673
2117,20160531,0.007802864495915856
2118,20160601,0.20162571732199783
2119,20160602,0.13940308333333334
2120,20160603,0.2289589870689655
2121,20160606,0.155686582278481
2122,20160607,0.0255932699341624
2123,20160608,0.20565455519828507
2124,20160609,0.30305625974025974
2125,20160610,0.17625377609108164
2126,20160613,0.00536194331983806
2127,20160614,0.03418155737704918
2128,20160615,0.1554331541218638
2129,20160616,0.32109373104145605
2130,20160617,0.0395100262123198
2131,20160620,0.20154190871369293
2132,20160621,0.05430388247639034
2133,20160622,0.00971883289124668
2134,20160623,0.31129602888086644
2135,20160624,-0.05283138157894737
2136,20160627,0.244104347826087
2137,20160628,0.31226513233601844
2138,20160629,-0.16728987626546687
2139,20160630,0.16604221658206428
2140,20160701,0.12751164634146336
2141,20160705,0.10834305555555557
2142,20160706,0.4218717777777778
2143,20160707,-0.13759299781181622
2144,20160708,0.21868325203252031
2145,20160711,0.02139158415841584
2146,20160712,0.30215583333333323
2147,20160713,0.17443868613138686
2148,20160714,-0.04467485714285716
2149,20160715,0.08369610238510762
2150,20160718,-0.0026539117352056153
2151,20160719,0.08621273314203728
2152,20160720,0.12638915187376729
2153,20160721,0.10016906338694416
2154,20160722,0.11444999999999997
2155,20160725,0.08104903169014083
2156,20160726,0.08736394129979035
2157,20160727,-0.1289035066505441
2158,20160728,0.3016976303317535
2159,20160729,0.007654483074107966
2160,20160801,0.034967777777777785
2161,20160802,-0.06039262295081968
2162,20160803,-0.10039846841097641
2163,20160804,0.022487996941896026
2164,20160805,0.1514033623910336
2165,20160808,0.014875000000000001
2166,20160809,0.47119491255961843
2167,20160810,0.26470492091388403
2168,20160811,0.0634955237242614
2169,20160812,0.03759383458646615
2170,20160815,-0.17233940520446098
2171,20160816,0.060123547880690735
2172,20160817,-0.01780425531914892
2173,20160818,0.385729849137931
2174,20160819,0.25231034271725833
2175,20160822,0.11709810996563574
2176,20160823,0.3621971698113208
2177,20160824,0.4521772727272727
2178,20160825,0.20438083989501316
2179,20160826,0.013838157894736823
2180,20160829,0.03238136020151133
2181,20160830,0.08604062038404728
2182,20160831,0.1446617370892019
2183,20160901,-0.010779768786127169
2184,20160902,-0.045178081091930965
2185,20160906,0.21047647058823532
2186,20160907,0.29398640646029617
2187,20160908,0.1840491983967936
2188,20160909,0
2189,20160912,0.09913836477987423
2190,20160913,0.01134121306376361
2191,20160914,0.05341733703190013
2192,20160915,0.19024697217675943
2193,20160916,-0.06753282247765008
2194,20160919,-0.11782161100196464
2195,20160920,0.07415597222222223
2196,20160921,0.07860116618075803
2197,20160922,0.46229690860215045
2198,20160923,0.08115770186335403
2199,20160926,0.09727781260884708
2200,20160927,0.1698087736789631
2201,20160928,-0.03151354581673305
2202,20160929,0.24194132138857788
2203,20160930,0.534352356557377
2204,20161003,0.04586475
2205,20161004,-0.023749411764705883
2206,20161005,0.20896790540540539
2207,20161006,0.22466296296296298
2208,20161007,-0.004382575757575765
2209,20161010,-0.23984891891891885
2210,20161011,-0.39005340425531926
2211,20161012,0.20952849162011175
2212,20161013,0.15539177057356615
2213,20161014,0.026340830576993757
2214,20161017,0.019520799347471453
2215,20161018,0.1341321047526673
2216,20161019,-0.02873698854337152
2217,20161020,0.3523615196078433
2218,20161021,-0.007118025751072957
2219,20161024,0.28731990808823527
2220,20161025,0.47119232963549923
2221,20161026,0.06887889908256882
2222,20161027,0.23549030776297655
2223,20161028,0.21915288753799392
2224,20161031,0.10608256070640176
2225,20161101,-0.12222913907284767
2226,20161102,0.3400675438596491
2227,20161103,-0.1285582538167939
2228,20161104,0.17204047936085226
2229,20161107,0.05181276332094178
2230,20161108,-0.009356319999999994
2231,20161109,0.17033278688524597
2232,20161110,0.24327899824253074
2233,20161111,0.48467941006362053
2234,20161114,0.1926670218433671
2235,20161115,0.09872523659305994
2236,20161116,0.12998222222222222
2237,20161117,0.06253770491803277
2238,20161118,0.35930659851301117
2239,20161121,0.021586243902439024
2240,20161122,0.011894501718213057
2241,20161123,0.3343460750853242
2242,20161125,0.18436743827160496
2243,20161128,0.30275459940652816
2244,20161129,0.38123288201160543
2245,20161130,0.0621112065264062
2246,20161201,0.04985108135942328
2247,20161202,0.11940154269972451
2248,20161205,0.1703802100608071
2249,20161206,0.14141593625498008
2250,20161207,0.37212130769230767
2251,20161208,0.1746321753986333
2252,20161209,0.11246747385800769
2253,20161212,0.21326008620689654
2254,20161213,0.3783454293902559
2255,20161214,0.024896354679802953
2256,20161215,0.18310986145069277
2257,20161216,0.18841394861038271
2258,20161219,0.28292415458937187
2259,20161220,0.10394889529298754
2260,20161221,0.03383428981348637
2261,20161222,0.25877871705619093
2262,20161223,0.1162764705882353
2263,20161227,0.05393719806763285
2264,20161228,0.09480800951625695
2265,20161229,0.09407504892367907
2266,20161230,0.31578101562499994
2267,20170103,-0.013763636363636365
2268,20170104,0.10001829652996846
2269,20170105,-0.0595031007751938
2270,20170106,0.15128082408874807
2271,20170109,0.12311511771995044
2272,20170110,0.052088313505948225
2273,20170111,0.17773128019323672
2274,20170112,0.18429922680412367
2275,20170113,0.16523597560975617
2276,20170117,-0.007960865684962072
2277,20170118,-0.013324833157709872
2278,20170119,0.033315713134568894
2279,20170120,0.09160123626373626
2280,20170123,0.1966637526652452
2281,20170124,-0.023063882259347652
2282,20170125,-0.24560716685330344
2283,20170126,0.18000219478737997
2284,20170127,-0.1961539918809202
2285,20170130,-0.08347876923076923
2286,20170131,-0.07133862973760934
2287,20170201,0.06810436941410129
2288,20170202,0.01631019736842105
2289,20170203,-0.5937729425596237
2290,20170206,0.17665433467741934
2291,20170207,-0.04824010025062656
2292,20170208,0.2589391226499552
2293,20170209,0.1247482984293194
2294,20170210,0.1868743276283619
2295,20170213,0.25701225649350656
2296,20170214,0.3578295932051854
2297,20170215,0.13529685582822085
2298,20170216,0.22750364372469634
2299,20170217,0.21515243790248387
2300,20170221,0.25058674157303373
2301,20170222,0.38499879275653925
2302,20170223,0.1394043933054393
2303,20170224,0.05413498349834982
2304,20170227,0.14701926782273603
2305,20170228,0.15653128654970758
2306,20170301,0.33764637554585153
2307,20170302,0.10300319817247286
2308,20170303,0
2309,20170306,0.14309259259259255
2310,20170307,0.1843218309859155
2311,20170308,0.36092082670906206
2312,20170309,0.3618814720812183
2313,20170310,0.1414268677176148
2314,20170313,0.08507123015873017
2315,20170314,0.37226666666666675
2316,20170315,0.1424323880597014
2317,20170316,0.07688301610541727
2318,20170317,0.008545945945945956
2319,20170320,0.21752373737373729
2320,20170321,0.09256669811320754
2321,20170322,-0.0035476936466492894
2322,20170323,0.2328043343653251
2323,20170324,0.0552260532150776
2324,20170327,0.0892094408799267
2325,20170328,0.16726382636655948
2326,20170329,0.01007031063321386
2327,20170330,0.13465631768953074
2328,20170331,0.08247425373134329
2329,20170403,0.09129033280507133
2330,20170404,0.1928379310344827
2331,20170405,0.07872401315789473
2332,20170406,0.0027747487437185885
2333,20170407,0.055943534932221047
2334,20170410,0.009546398659966496
2335,20170411,0.19016224677716392
2336,20170412,-0.06378588588588588
2337,20170413,0.013725693430656933
2338,20170417,0.08597826297913631
2339,20170418,0.041259071222329156
2340,20170419,-0.027272051696284334
2341,20170420,0.12829242837653484
2342,20170421,0
2343,20170424,-0.148880310880829
2344,20170425,0.2783367788461538
2345,20170426,0.23367297794117645
2346,20170427,0.18179815498154983
2347,20170428,0.20679999999999998
2348,20170501,0.19675476190476182
2349,20170502,0.10802468749999998
2350,20170503,0.15346130030959748
2351,20170504,0.2568598765432098
2352,20170505,0.04179767441860465
2353,20170508,0.41006407766990294
2354,20170509,0.12834958871915397
2355,20170510,0.22248992583436336
2356,20170511,0.013517044100119193
2357,20170512,0.1875039318479686
2358,20170515,0.4261132248939181
2359,20170516,0.23523468013468013
2360,20170517,0.15173922241280732
2361,20170518,-0.10786880269814506
2362,20170519,0.20907450980392156
2363,20170522,0.08734122807017544
2364,20170523,0.07918183632734531
2365,20170524,0.038571328671328675
2366,20170525,0.032860751748251746
2367,20170526,0.06835526960784312
2368,20170530,-0.03382436974789916
2369,20170531,0.1205068547249647
2370,20170601,-0.005467540983606558
2371,20170602,0.22410927633417155
2372,20170605,0.21510962962962965
2373,20170606,0.2420089093701997
2374,20170607,0.1631403877221325
2375,20170608,0.25285787401574805
2376,20170609,0.05998747927031508
2377,20170612,0.29253744120413927
2378,20170613,0.27531765402843605
2379,20170614,0.41315639864099657
2380,20170615,0.1443949868073878
2381,20170616,0.22600171722953635
2382,20170619,0.3747613356766258
2383,20170620,0.30587057502246173
2384,20170621,0.16514791431792558
2385,20170622,0.10210764705882353
2386,20170623,-0.0075066656186134235
2387,20170626,0.1415345454545454
2388,20170627,-0.010560077519379846
2389,20170628,-0.24548760515984294
2390,20170629,0.3479837892603849
2391,20170630,0.26172907348242813
2392,20170703,0.3176038974358974
2393,20170705,0.12508906088751287
2394,20170706,0.07182237569060773
2395,20170707,0.17864327531645563
2396,20170710,0.1918847195357833
2397,20170711,0.27961432506887046
2398,20170712,-0.31577634088200246
2399,20170713,0.2119205929487179
2400,20170714,0.07712141927083332
2401,20170717,-0.03645104679802956
2402,20170718,-0.16747238883143745
2403,20170719,0.0987625366568916
2404,20170720,0.20466200466200468
2405,20170721,0.029537254901960783
2406,20170724,-0.057068370244179434
2407,20170725,-0.06432551020408163
2408,20170726,0.2039401818181818
2409,20170727,0.09661456102783725
2410,20170728,0.12606696296296302
2411,20170731,-0.23633424124513616
2412,20170801,0.05195837765957447
2413,20170802,0.23978885714285716
2414,20170803,0.09984127906976746
2415,20170804,0.31263187588152325
2416,20170807,0.32894835309617926
2417,20170808,0.27898881401617254
2418,20170809,0.03874193548387098
2419,20170810,0.2790891099476439
2420,20170811,0.042223076923076905
2421,20170814,0.0850552
2422,20170815,0.3397922879177378
2423,20170816,0.008371787296898078
2424,20170817,0.08331940594059406
2425,20170818,0
2426,20170821,0.06693318284424381
2427,20170822,0.33123333333333327
2428,20170823,0.05109854014598541
2429,20170824,0.38053934681181956
2430,20170825,0.29946564755838645
2431,20170828,0.1222775
2432,20170829,0.25462881597717546
2433,20170830,0.20146666666666668
2434,20170831,0.039235483870967744
2435,20170901,-0.17375743519781717
2436,20170905,0.137794
2437,20170906,0.13377935222672066
2438,20170907,0.11237421052631578
2439,20170908,-0.06303403298350821
2440,20170911,-0.25357654320987655
2441,20170912,0.07172109308283518
2442,20170913,0.1384606
2443,20170914,0.004274727358937885
2444,20170915,-0.281135092348285
2445,20170918,0.07990872093023255
2446,20170919,0.11046958277254373
2447,20170920,-0.004350857142857147
2448,20170921,0.08913262839879153
2449,20170922,0.07325051546391755
2450,20170925,0.40414612403100775
2451,20170926,-0.1893292910447761
2452,20170927,0.0954758034026465
2453,20170928,0.16844918490917563
2454,20170929,0.09318041018387553
2455,20171002,-0.01960766008378217
2456,20171003,-0.02078742757821553
2457,20171004,0.19393216783216782
2458,20171005,0.38649751671442223
2459,20171006,0.056805047318612016
2460,20171009,0.008267810292633702
2461,20171010,0.07704476987447698
2462,20171011,0.16076484962406018
2463,20171012,0.23152097902097907
2464,20171013,0.027911317310617585
2465,20171016,0.03696494440810988
2466,20171017,0.3885836284927194
2467,20171018,0.08007087378640776
2468,20171019,0.18540819672131145
2469,20171020,0.23387030567685596
2470,20171023,0.13715490196078434
2471,20171024,0.18680429338103757
2472,20171025,0.18231756032171584
2473,20171026,0.19346510903426792
2474,20171027,-0.15956855295068714
2475,20171030,0.005013527851458859
2476,20171031,0.11298832335329342
2477,20171101,-0.061363380281690125
2478,20171102,0.05642506426735222
2479,20171103,0.21039261083743846
2480,20171106,0.18080912240184757
2481,20171107,0.07027328605200944
2482,20171108,0.2722590011614401
2483,20171109,0.19579013157894734
2484,20171110,0.14506183524504693
2485,20171113,0.5598830423940151
2486,20171114,0.2613861570247934
2487,20171115,0.4086992492492492
2488,20171116,0.03295901960784313
2489,20171117,0.3226626666666666
2490,20171120,0.35978987730061346
2491,20171121,0.24536612903225807
2492,20171122,0.19700969597370582
2493,20171124,0.1932598885793872
2494,20171127,0.3300108571428571
2495,20171128,0.2646506792058516
2496,20171129,0.12670537313432834
2497,20171130,0.1766693430656934
2498,20171201,0
2499,20171204,0.15478878504672894
2500,20171205,0.13007595936794583
2501,20171206,0.15298205128205128
2502,20171207,0.14004423868312757
2503,20171208,0.1922682570593964
2504,20171211,-0.019684935064935065
2505,20171212,0.02822360034453058
2506,20171213,0.29318627968337724
2507,20171214,0.19109705128205134
2508,20171215,0.22196867219917013
2509,20171218,0.15428937931034484
2510,20171219,0.21343964912280705
2511,20171220,-0.010218463444857497
2512,20171221,0.21525630914826502
2513,20171222,-0.06461703910614527
2514,20171226,0.4788722067039106
2515,20171227,0.014969909502262443
2516,20171228,0.13335257352941177
2517,20171229,0.27744912872400224
2518,20180102,0.31371637990364754
2519,20180103,0.0604013888888889
2520,20180104,0.07765896226415096
2521,20180105,0.25046239316239316
2522,20180108,0.44060784603997033
2523,20180109,0.2504908045977012
2524,20180110,0
2525,20180111,0.254277300613497
2526,20180112,0.06505812544547397
2527,20180116,0.14808167475728154
2528,20180117,0.10916882859033747
2529,20180118,0.21814017216642764
2530,20180119,0.2508095472440945
2531,20180122,-0.3414602473498233
2532,20180123,-0.020081447368421067
2533,20180124,0.43594461235216797
2534,20180125,0
2535,20180126,0.2737248076923078
2536,20180129,0.5844062674526839
2537,20180130,0.49622893368010385
2538,20180131,0.25083168316831683
2539,20180201,0.17426646048109967
2540,20180202,-0.1323601886792453
2541,20180205,0.3341908163265307
2542,20180206,0.1889349710982659
2543,20180207,0.20025234131113423
2544,20180208,0.11354532710280374
2545,20180209,-0.054196059113300464
2546,20180212,0.10892045690550362
2547,20180213,0.37859242424242423
2548,20180214,0.22701316526610638
2549,20180215,0.10455473372781066
2550,20180216,0.1485937381404175
2551,20180220,-0.48705708154506433
2552,20180221,0.05151472527472527
2553,20180222,0.2002851063829787
2554,20180223,0.4906863070539422
2555,20180226,0.17875695364238411
2556,20180227,0.7684334049409239
2557,20180228,-0.24886648000000006
2558,20180301,0.022449158249158253
2559,20180302,0.3106473404255319
2560,20180305,0.35109930340557277
2561,20180306,0.11800022421524661
2562,20180307,0.13548084440969513
2563,20180308,0.4784507450664519
2564,20180309,0.19793070699964832
2565,20180312,0
2566,20180313,0.00686899383983572
2567,20180314,0.32104875868917576
2568,20180315,0.5990445747800589
2569,20180316,0.04599828571428569
2570,20180319,-0.2836127516778523
2571,20180320,0.1342852315394243
2572,20180321,0.34764963235294116
2573,20180322,-0.09215080330004341
2574,20180323,0.31039591489361706
2575,20180326,0.38318190578158456
2576,20180327,0.12373573859768548
2577,20180328,-0.23514235074626863
2578,20180329,0.4393415744157442
2579,20180402,0.657481036834925
2580,20180403,0.08927226720647773
2581,20180404,0.5715570945945946
2582,20180405,0.09904107142857142
2583,20180406,0.24855484764542946
2584,20180409,0.3374351796407185
2585,20180410,0.38191488294314385
2586,20180411,0.3885808510638297
2587,20180412,0.43553190476190473
2588,20180413,0.29261115751789973
2589,20180416,0.2110712653778559
2590,20180417,0.2268654276757726
2591,20180418,0
2592,20180419,0.19142690909090906
2593,20180420,0.1666269011406844
2594,20180423,0.2684925170068027
2595,20180424,0.11579458128078818
2596,20180425,0.19736184486373168
2597,20180426,0.19665111111111105
2598,20180427,0.293829810298103
2599,20180430,-0.13088250303766702
2600,20180501,0.1840549909255898
2601,20180502,0.19306332288401254
2602,20180503,0.050490909090909086
2603,20180504,0.2154050884955752
2604,20180507,0.20423471698113205
2605,20180508,0.21081111111111112
2606,20180509,0.04742798742138361
2607,20180510,0.2861754749568221
2608,20180511,0.5543200421940928
2609,20180514,0.23706497326203213
2610,20180515,0
2611,20180516,0.052538545454545456
2612,20180517,-0.09109092920353982
2613,20180518,0.2375912878787879
2614,20180521,0.4584422053231939
2615,20180522,0
2616,20180523,0.3028422752808989
2617,20180524,0.04892365339578455
2618,20180525,0.3068425612052731
2619,20180529,0.03752725998598457
2620,20180530,-0.12337368421052627
2621,20180531,0.08808466666666669
2622,20180601,0.3409591928251123
2623,20180604,0.3041260416666665
2624,20180605,0.41788356807511734
2625,20180606,0.2215053571428572
2626,20180607,0.30611306122448984
2627,20180608,0.2845687192118227
2628,20180611,0.4591728624535316
2629,20180612,0.36559808219178075
2630,20180613,0.3619265624999999
2631,20180614,0.0988972839506173
2632,20180615,-0.12106633416458855
2633,20180618,0.1215684659090909
2634,20180619,-0.05913859649122809
2635,20180620,0.2226806049822064
2636,20180621,0.24570000000000008
2637,20180622,0.12890596137699412
2638,20180625,0.08856101591187272
2639,20180626,0.16535537634408604
2640,20180627,0.6175089500860586
2641,20180628,0.02023957597173145
2642,20180629,0.09026370909090914
2643,20180702,0.08707134302822925
2644,20180703,0.19044615384615388
2645,20180705,0.24371253012048194
2646,20180706,0.1077909712722298
2647,20180709,0.6037077300613497
2648,20180710,0.2765845528455284
2649,20180711,0.09140672451193059
2650,20180712,0.1431641342756184
2651,20180713,0.16017705539358598
2652,20180716,0.1646333642261353
2653,20180717,0.17721088742810193
2654,20180718,0.322464111111111
2655,20180719,0.22126617647058827
2656,20180720,0.12957292307692306
2657,20180723,-0.04618260355029584
2658,20180724,0.15501071895424837
2659,20180725,0.366845238095238
2660,20180726,0.23589465408805035
2661,20180727,0.09980155945419103
2662,20180730,0.05891439999999999
2663,20180731,0.08894418604651164
2664,20180801,0.0848621138211382
2665,20180802,-0.30879292307692296
2666,20180803,0.40854092261904756
2667,20180806,0.07851613588110407
2668,20180807,0.2983432944606415
2669,20180808,0.02873454861111112
2670,20180809,0.04504917012448133
2671,20180810,0.08982329956584663
2672,20180813,-0.1943156583629893
2673,20180814,0.2758242402315485
2674,20180815,0.01838688741721854
2675,20180816,0.1035309148264984
2676,20180817,0.336070737913486
2677,20180820,0.06290990099009901
2678,20180821,-0.30931178756476685
2679,20180822,-0.11945254988913523
2680,20180823,0.3108651785714285
2681,20180824,0.09272941176470588
2682,20180827,0.2670331096196868
2683,20180828,0.3913717362045762
2684,20180829,0.45209747899159664
2685,20180830,0.3960267734553776
2686,20180831,0.45481030042918463
2687,20180904,0.10977474048442906
2688,20180905,0.09589285714285715
2689,20180906,-0.06054895833333335
2690,20180907,-0.018158322237017303
2691,20180910,0.1563234146341463
2692,20180911,-0.041264766839378304
2693,20180912,0.06710146252285189
2694,20180913,0.07788324999999997
2695,20180914,0.46552178111587966
2696,20180917,0.06012263374485598
2697,20180918,-0.21279553831231812
2698,20180919,0.33238302828618976
2699,20180920,0.22704732510288073
2700,20180921,0.22704732510288073
